2025-12-12 16:33:10,668 INFO === SCRAPING FelixBraberg_Substack ===
2025-12-12 16:33:11,746 INFO Page https://felixbraberg.substack.com/archive?sort=new -> 12 links
2025-12-12 16:33:11,811 INFO FelixBraberg_Substack: FOUND 12 article links
2025-12-12 16:33:11,960 INFO Saved: https://felixbraberg.substack.com/p/the-greatest-fake-onboarding-of-all -> 001_The Greatest Fake Onboarding of All Time.md
2025-12-12 16:33:12,113 INFO Saved: https://felixbraberg.substack.com/p/from-44-to-72-vietnams-studio-surge -> 009_From 44 to 72 Vietnams Studio Surge Continues.md
2025-12-12 16:33:12,265 INFO Saved: https://felixbraberg.substack.com/p/end-cards-the-silent-driver-of-player -> 010_End Cards The Silent Driver of Player Retention.md
2025-12-12 16:33:12,422 INFO Saved: https://felixbraberg.substack.com/p/are-ads-falling-out-of-fashion -> 011_Are Ads Falling Out of Fashion.md
2025-12-12 16:33:12,624 INFO Saved: https://felixbraberg.substack.com/p/six-ad-placements-that-delivered -> 012_Six Ad Placements That Delivered in 2025 So Far.md
2025-12-12 16:33:12,916 INFO Saved: https://felixbraberg.substack.com/p/is-coin-master-adding-in-game-ads -> 007_Is Coin Master Adding in Game Ads.md
2025-12-12 16:33:13,099 INFO Saved: https://felixbraberg.substack.com/p/the-1-banner-ad-mistake-youre-still -> 002_The 1 Banner Ad Mistake Youre Still Making.md
2025-12-12 16:33:13,117 INFO Saved: https://felixbraberg.substack.com/p/hungrystudio-is-hungry-for-more -> 006_HungryStudio is hungry for more.md
2025-12-12 16:33:13,132 INFO Saved: https://felixbraberg.substack.com/p/lessmores-first-release-under-miniclip -> 005_Lessmores first release under Miniclip ownership.md
2025-12-12 16:33:13,204 INFO Saved: https://felixbraberg.substack.com/p/banners-the-walking-dead-of-mobile -> 008_Banners The Walking Dead of Mobile Ads.md
2025-12-12 16:33:13,570 INFO Saved: https://felixbraberg.substack.com/p/8-jolly-ad-monetization-tips-for -> 004_8 Jolly Ad Monetization Tips for Black Friday Weekend.md
2025-12-12 16:33:13,791 INFO Saved: https://felixbraberg.substack.com/p/candy-crush-is-crushing-it-with-ad -> 003_Candy Crush is Crushing it with Ad Revenue.md
2025-12-12 16:33:14,795 INFO === SCRAPING FelixBraberg_Blog ===
2025-12-12 16:33:16,267 INFO Page https://www.felixbraberg.com/blog -> 12 links
2025-12-12 16:33:16,303 INFO FelixBraberg_Blog: FOUND 12 article links
2025-12-12 16:33:16,737 INFO Saved: https://www.felixbraberg.com/about-me -> 001_About Me  FelixBrabergcom.md
2025-12-12 16:33:16,763 INFO No content extracted for https://www.felixbraberg.com/podcast
2025-12-12 16:33:16,765 INFO Skipped/failed: https://www.felixbraberg.com/podcast
2025-12-12 16:33:16,902 INFO Saved: https://www.felixbraberg.com/post/the-end-of-gam-networks-on-mobile -> 008_The End of GAM Networks on Mobile.md
2025-12-12 16:33:16,903 INFO Saved: https://www.felixbraberg.com/post/the-price-of-progress-the-revenue-impact-of-google-deprecating-placements-and-gam-resellers -> 006_The Price of Progress - The Revenue Impact of Google Deprecating Placements and GAM Resellers.md
2025-12-12 16:33:16,993 INFO Saved: https://www.felixbraberg.com/post/frozen-city-s-3-million-a-month-admon-blunder -> 009_Frozen Citys 3 million a month Admon blunder.md
2025-12-12 16:33:17,048 INFO Saved: https://www.felixbraberg.com/contact -> 004_Contact  FelixBrabergcom.md
2025-12-12 16:33:17,130 INFO Saved: https://www.felixbraberg.com/post/is-amazon-publisher-services-about-to-go-supernova-in-mobile -> 010_Is Amazon Publisher Services about to go supernova in Mobile.md
2025-12-12 16:33:17,226 INFO Saved: https://www.felixbraberg.com/post/3-ad-monetization-tips-on-how-maximize-fill-in-india -> 012_3 Ad Monetization tips on how maximize fill in India.md
2025-12-12 16:33:17,283 INFO Saved: https://www.felixbraberg.com/post/google-s-new-cmp-requirements-integrate-or-die -> 007_Googles New CMP Requirements - Integrate or Die.md
2025-12-12 16:33:17,367 INFO Saved: https://www.felixbraberg.com/blog -> 003_Blog  FelixBrabergcom.md
2025-12-12 16:33:17,601 INFO Saved: https://www.felixbraberg.com/post/the-end-of-gam-and-admob-placement-refreshes -> 005_The End of GAM and Admob Placement Refreshes.md
2025-12-12 16:33:17,666 INFO Saved: https://www.felixbraberg.com/post/is-admob-removing-its-three-placement-limit -> 011_Is Admob removing its three placement limit.md
2025-12-12 16:33:18,675 INFO === SCRAPING MichaelKopelovich ===
2025-12-12 16:33:24,143 INFO Page https://www.gamigion.com/author/kopelovich -> 27 links
2025-12-12 16:33:24,851 INFO Page https://www.gamigion.com/author/kopelovich/page/2/ -> 28 links
2025-12-12 16:33:25,553 INFO Page https://www.gamigion.com/author/kopelovich/page/3/ -> 28 links
2025-12-12 16:33:26,460 INFO Page https://www.gamigion.com/author/kopelovich/page/4/ -> 28 links
2025-12-12 16:33:27,820 INFO Page https://www.gamigion.com/author/kopelovich/page/5/ -> 28 links
2025-12-12 16:33:28,751 INFO Page https://www.gamigion.com/author/kopelovich/page/6/ -> 28 links
2025-12-12 16:33:31,274 INFO Page https://www.gamigion.com/author/kopelovich/page/7/ -> 28 links
2025-12-12 16:33:33,123 INFO Page https://www.gamigion.com/author/kopelovich/page/8/ -> 28 links
2025-12-12 16:33:44,131 INFO Page https://www.gamigion.com/author/kopelovich/page/9/ -> 28 links
2025-12-12 16:33:50,014 INFO Page https://www.gamigion.com/author/kopelovich/page/10/ -> 28 links
2025-12-12 16:33:54,136 INFO Page https://www.gamigion.com/author/kopelovich/page/11/ -> 28 links
2025-12-12 16:33:56,712 INFO Page https://www.gamigion.com/author/kopelovich/page/12/ -> 28 links
2025-12-12 16:33:59,551 INFO Page https://www.gamigion.com/author/kopelovich/page/13/ -> 28 links
2025-12-12 16:34:02,291 INFO Page https://www.gamigion.com/author/kopelovich/page/14/ -> 28 links
2025-12-12 16:34:04,498 INFO Page https://www.gamigion.com/author/kopelovich/page/15/ -> 18 links
2025-12-12 16:34:04,504 INFO MichaelKopelovich: FOUND 213 article links
2025-12-12 16:34:05,964 INFO Saved: https://www.gamigion.com/category/events -> 008_PGC London  19-20 January.md
2025-12-12 16:34:06,772 INFO Saved: https://www.gamigion.com/category/game-radar -> 009_Dont Miss These New Mobile Games   November 28 to December 4 2025.md
2025-12-12 16:34:06,774 INFO Saved: https://www.gamigion.com/category/analysis -> 007_Hybridcasual Boom Beyond China Turkey and Vietnam.md
2025-12-12 16:34:08,763 INFO Saved: https://www.gamigion.com/journal -> 002_Journal - Gamigion Mobile Games Industry News.md
2025-12-12 16:34:09,427 INFO Saved: https://www.gamigion.com/author/kopelovich -> 006_December in Mobile Games  IP Season.md
2025-12-12 16:34:10,057 INFO Saved: https://www.gamigion.com/category/reports -> 012_Global Games Market Report 2025.md
2025-12-12 16:34:12,163 INFO Saved: https://www.gamigion.com/reports -> 003_Reports - Gamigion Mobile Games Industry News.md
2025-12-12 16:34:12,487 INFO Saved: https://www.gamigion.com/games-radar -> 001_Games Radar - Gamigion Mobile Games Industry News.md
2025-12-12 16:34:12,661 INFO Saved: https://www.gamigion.com/about -> 005_Whos there - Gamigion Mobile Games Industry News.md
2025-12-12 16:34:14,543 INFO Saved: https://www.gamigion.com/category/journal -> 011_The Greatest Fake Onboarding of All Time.md
2025-12-12 16:34:15,401 INFO Saved: https://www.gamigion.com/category/highlights -> 010_The Greatest Fake Onboarding of All Time.md
2025-12-12 16:34:17,721 INFO Saved: https://www.gamigion.com/events -> 004_Events - Gamigion Mobile Games Industry News.md
2025-12-12 16:34:19,878 INFO Saved: https://www.gamigion.com/december-in-mobile-games-ip-season -> 013_December in Mobile Games  IP Season.md
2025-12-12 16:34:31,256 INFO Saved: https://www.gamigion.com/spotted-in-monopoly-go-by-scopely -> 014_Spotted in MONOPOLY GO by Scopely.md
2025-12-12 16:34:32,748 WARNING Request error HTTPSConnectionPool(host='www.gamigion.com', port=443): Read timed out. (read timeout=12) (attempt 1) for https://www.gamigion.com/spotted-in-legend-of-elements-by-joy-nice-games
2025-12-12 16:34:33,065 INFO Saved: https://www.gamigion.com/combining-a-deal-a-spin-wheel-in-one-screen -> 016_Combining a deal  a spin wheel in one screen.md
2025-12-12 16:34:33,800 INFO Saved: https://www.gamigion.com/spotted-in-disney-magic-match-3d -> 017_Spotted in Disney Magic Match 3D.md
2025-12-12 16:34:35,527 INFO Saved: https://www.gamigion.com/spotted-this-in-zen-match -> 019_Spotted this in Zen Match.md
2025-12-12 16:34:36,743 INFO Saved: https://www.gamigion.com/interesting-design-choice-in-gossip-harbors-wheel-of-chance -> 020_Interesting design choice in Gossip Harbors Wheel of Chance.md
2025-12-12 16:34:36,743 INFO Saved: https://www.gamigion.com/author/kopelovich/page/2 -> 025_Spotted in Ghost Invasion by Miniclip.md
2025-12-12 16:34:37,243 WARNING Request error HTTPSConnectionPool(host='www.gamigion.com', port=443): Read timed out. (read timeout=12) (attempt 1) for https://www.gamigion.com/spotted-in-pencil-sort-by-onetap-global
2025-12-12 16:34:39,136 INFO Saved: https://www.gamigion.com/spotted-in-pencil-sort-by-onetap-global -> 018_Spotted in Pencil Sort by Onetap Global.md
2025-12-12 16:34:40,303 INFO Saved: https://www.gamigion.com/spotted-in-triple-factory-visual-reward-path-integrated-into-the-ftue -> 021_Spotted in Triple Factory Visual reward path integrated into the FTUE.md
2025-12-12 16:34:41,756 INFO Saved: https://www.gamigion.com/spotted-in-legend-of-elements-by-joy-nice-games -> 015_Spotted in Legend of Elements by Joy Nice Games.md
2025-12-12 16:34:44,102 INFO Saved: https://www.gamigion.com/wp-login.php?action=lostpassword -> 027_untitled.md
2025-12-12 16:34:50,251 INFO Saved: https://www.gamigion.com/brawl-stars-x-stranger-things -> 022_Brawl Stars x Stranger Things.md
2025-12-12 16:34:50,334 INFO Saved: https://www.gamigion.com/spotted-this-small-but-interesting-rewarded-placement -> 023_Spotted this small but interesting Rewarded Placement.md
2025-12-12 16:34:52,091 INFO Saved: https://www.gamigion.com/wp-login.php?redirect_to=https%3A%2F%2Fwww.gamigion.com%2Fdecember-in-mobile-games-ip-season%2F&action=register -> 026_untitled.md
2025-12-12 16:34:57,187 INFO Saved: https://www.gamigion.com/spotted-in-water-out-puzzle-by-hm-games -> 029_Spotted in Water Out Puzzle by HM Games.md
2025-12-12 16:34:57,656 INFO Saved: https://www.gamigion.com/spotted-something-cool-in-royal-match -> 024_Spotted something cool in Royal Match.md
2025-12-12 16:34:58,736 INFO Saved: https://www.gamigion.com/spotted-in-ghost-invasion-by-miniclip -> 028_Spotted in Ghost Invasion by Miniclip.md
2025-12-12 16:35:02,335 INFO Saved: https://www.gamigion.com/spotted-in-gossip-harbor-by-microfun -> 030_Spotted in Gossip Harbor by Microfun.md
2025-12-12 16:35:03,830 INFO Saved: https://www.gamigion.com/love-this-rewarded-video-placement-on-the-level-map-in-fortress-merge -> 031_Love this rewarded video placement on the level map in Fortress Merge.md
2025-12-12 16:35:04,904 INFO Saved: https://www.gamigion.com/fan-of-event-loading-screens-in-mobile-games -> 032_Fan of event loading screens in mobile games.md
2025-12-12 16:35:05,350 INFO Saved: https://www.gamigion.com/monopoly-go-x-mcdonalds -> 033_MONOPOLY GO x McDonalds.md
2025-12-12 16:35:06,043 INFO Saved: https://www.gamigion.com/author/kopelovich/page/3 -> 040_Capybara Go x Teenage Mutant Ninja Turtles.md
2025-12-12 16:35:12,128 INFO Saved: https://www.gamigion.com/capybara-go-x-teenage-mutant-ninja-turtles -> 042_Capybara Go x Teenage Mutant Ninja Turtles.md
2025-12-12 16:35:12,489 INFO Saved: https://www.gamigion.com/spotted-in-survivor-io-by-habby-weekly-goodies -> 034_Spotted in Survivorio by Habby Weekly Goodies.md
2025-12-12 16:35:13,194 INFO Saved: https://www.gamigion.com/spotted-a-clever-retention-trick-on-ios-in-block-jam -> 035_Spotted a clever retention trick on iOS in Block Jam.md
2025-12-12 16:35:15,051 INFO Saved: https://www.gamigion.com/com2us-minion-rumble-is-featuring-habbys-capybara-go -> 036_Com2uS Minion Rumble is featuring Habbys Capybara Go.md
2025-12-12 16:35:19,253 WARNING Request error HTTPSConnectionPool(host='www.gamigion.com', port=443): Read timed out. (read timeout=12) (attempt 1) for https://www.gamigion.com/spotted-in-souls-by-habby-a-smart-twist-on-daily-login-rewards
2025-12-12 16:35:19,968 INFO Saved: https://www.gamigion.com/spotted-two-interesting-social-layers-in-coin-master -> 039_Spotted two interesting social layers in Coin Master.md
2025-12-12 16:35:21,336 INFO Saved: https://www.gamigion.com/loved-this-little-ui-detail-in-magic-sort -> 038_Loved this little UI detail in Magic Sort.md
2025-12-12 16:35:23,940 INFO Saved: https://www.gamigion.com/spotted-in-souls-by-habby-a-smart-twist-on-daily-login-rewards -> 037_Spotted in Souls by Habby a smart twist on daily login rewards.md
2025-12-12 16:35:25,954 INFO Saved: https://www.gamigion.com/wp-login.php?redirect_to=https%3A%2F%2Fwww.gamigion.com%2Fspotted-in-ghost-invasion-by-miniclip%2F&action=register -> 041_untitled.md
2025-12-12 16:35:30,394 INFO Saved: https://www.gamigion.com/mobile-game-monetization-design-insights-sep-14-19 -> 043_Mobile Game Monetization  Design Insights Sep 14-19.md
2025-12-12 16:35:31,254 INFO Saved: https://www.gamigion.com/%f0%9f%8e%af-event-calendars-in-mobile-games -> 044_Event Calendars in Mobile Games.md
2025-12-12 16:35:33,340 WARNING Request error HTTPSConnectionPool(host='www.gamigion.com', port=443): Read timed out. (read timeout=12) (attempt 1) for https://www.gamigion.com/back-to-school-meets-in-game-offers
2025-12-12 16:35:34,629 WARNING Request error HTTPSConnectionPool(host='www.gamigion.com', port=443): Read timed out. (read timeout=12) (attempt 1) for https://www.gamigion.com/exploring-fun-ways-to-surprise-players-with-rewards
2025-12-12 16:35:35,955 WARNING Request error HTTPSConnectionPool(host='www.gamigion.com', port=443): Read timed out. (read timeout=12) (attempt 1) for https://www.gamigion.com/fortress-merge-speed-up-offers
2025-12-12 16:35:38,140 WARNING Request error HTTPSConnectionPool(host='www.gamigion.com', port=443): Read timed out. (read timeout=12) (attempt 1) for https://www.gamigion.com/spotted-something-interesting-in-legend-of-mushroom
2025-12-12 16:35:41,359 WARNING Request error HTTPSConnectionPool(host='www.gamigion.com', port=443): Read timed out. (read timeout=12) (attempt 1) for https://www.gamigion.com/mobile-game-monetization-design-insights-september-recap
2025-12-12 16:35:42,243 INFO Saved: https://www.gamigion.com/spotted-something-interesting-in-legend-of-mushroom -> 046_Spotted something interesting in Legend of Mushroom.md
2025-12-12 16:35:43,261 WARNING Request error HTTPSConnectionPool(host='www.gamigion.com', port=443): Read timed out. (read timeout=12) (attempt 1) for https://www.gamigion.com/an-interesting-rv-placement-at-the-level-start-screen
2025-12-12 16:35:48,216 WARNING Request error HTTPSConnectionPool(host='www.gamigion.com', port=443): Read timed out. (read timeout=12) (attempt 1) for https://www.gamigion.com/spotted-these-fun-follow-screens-in-coin-master
2025-12-12 16:35:49,527 WARNING Request error HTTPSConnectionPool(host='www.gamigion.com', port=443): Read timed out. (read timeout=12) (attempt 2) for https://www.gamigion.com/exploring-fun-ways-to-surprise-players-with-rewards
2025-12-12 16:35:52,590 WARNING Request error HTTPSConnectionPool(host='www.gamigion.com', port=443): Read timed out. (read timeout=12) (attempt 1) for https://www.gamigion.com/nice-touch-in-archero-2-choose-your-own-reward
2025-12-12 16:35:54,652 INFO Saved: https://www.gamigion.com/nice-touch-in-archero-2-choose-your-own-reward -> 051_Nice touch in Archero 2 Choose your own reward.md
2025-12-12 16:35:55,479 INFO Saved: https://www.gamigion.com/author/kopelovich/page/4 -> 054_Welcome Back Pass designed for returning users on Survivorio.md
2025-12-12 16:35:56,585 WARNING Request error HTTPSConnectionPool(host='www.gamigion.com', port=443): Read timed out. (read timeout=12) (attempt 2) for https://www.gamigion.com/mobile-game-monetization-design-insights-september-recap
2025-12-12 16:35:56,785 WARNING Request error HTTPSConnectionPool(host='www.gamigion.com', port=443): Read timed out. (read timeout=12) (attempt 2) for https://www.gamigion.com/back-to-school-meets-in-game-offers
2025-12-12 16:35:57,319 WARNING Request error HTTPSConnectionPool(host='www.gamigion.com', port=443): Read timed out. (read timeout=12) (attempt 2) for https://www.gamigion.com/an-interesting-rv-placement-at-the-level-start-screen
2025-12-12 16:35:59,000 INFO Saved: https://www.gamigion.com/fortress-merge-speed-up-offers -> 049_Fortress Merge Speed Up Offers.md
2025-12-12 16:36:01,779 WARNING Request error HTTPSConnectionPool(host='www.gamigion.com', port=443): Read timed out. (read timeout=12) (attempt 2) for https://www.gamigion.com/spotted-these-fun-follow-screens-in-coin-master
2025-12-12 16:36:03,433 WARNING Request error HTTPSConnectionPool(host='www.gamigion.com', port=443): Read timed out. (read timeout=12) (attempt 1) for https://www.gamigion.com/spotted-a-fun-event-in-minion-rumble
2025-12-12 16:36:04,285 WARNING Request error HTTPSConnectionPool(host='www.gamigion.com', port=443): Read timed out. (read timeout=12) (attempt 3) for https://www.gamigion.com/exploring-fun-ways-to-surprise-players-with-rewards
2025-12-12 16:36:06,847 ERROR Giving up on https://www.gamigion.com/exploring-fun-ways-to-surprise-players-with-rewards after 3 attempts
2025-12-12 16:36:06,847 INFO No html for https://www.gamigion.com/exploring-fun-ways-to-surprise-players-with-rewards
2025-12-12 16:36:06,847 INFO Skipped/failed: https://www.gamigion.com/exploring-fun-ways-to-surprise-players-with-rewards
2025-12-12 16:36:08,446 INFO Saved: https://www.gamigion.com/back-to-school-meets-in-game-offers -> 048_Back to School meets in-game offers.md
2025-12-12 16:36:11,901 WARNING Request error HTTPSConnectionPool(host='www.gamigion.com', port=443): Read timed out. (read timeout=12) (attempt 3) for https://www.gamigion.com/an-interesting-rv-placement-at-the-level-start-screen
2025-12-12 16:36:12,436 INFO Saved: https://www.gamigion.com/mobile-game-monetization-design-insights-september-recap -> 047_Mobile Game Monetization  Design Insights Sep 8-14.md
2025-12-12 16:36:12,972 INFO Saved: https://www.gamigion.com/wp-login.php?redirect_to=https%3A%2F%2Fwww.gamigion.com%2Fcapybara-go-x-teenage-mutant-ninja-turtles%2F&action=register -> 055_untitled.md
2025-12-12 16:36:13,927 INFO Saved: https://www.gamigion.com/spotted-a-fun-event-in-minion-rumble -> 053_Spotted a fun event in Minion Rumble.md
2025-12-12 16:36:14,463 ERROR Giving up on https://www.gamigion.com/an-interesting-rv-placement-at-the-level-start-screen after 3 attempts
2025-12-12 16:36:14,463 INFO No html for https://www.gamigion.com/an-interesting-rv-placement-at-the-level-start-screen
2025-12-12 16:36:14,463 INFO Skipped/failed: https://www.gamigion.com/an-interesting-rv-placement-at-the-level-start-screen
2025-12-12 16:36:14,579 INFO Saved: https://www.gamigion.com/spotted-these-fun-follow-screens-in-coin-master -> 050_Spotted these fun follow screens in Coin Master.md
2025-12-12 16:36:19,046 WARNING Request error HTTPSConnectionPool(host='www.gamigion.com', port=443): Read timed out. (read timeout=12) (attempt 1) for https://www.gamigion.com/welcome-back-pass-designed-for-returning-users-on-survivor-io
2025-12-12 16:36:28,960 INFO Saved: https://www.gamigion.com/such-a-simple-but-powerful-ux-touch -> 058_Such a simple but powerful UX touch.md
2025-12-12 16:36:31,173 WARNING Request error HTTPSConnectionPool(host='www.gamigion.com', port=443): Read timed out. (read timeout=12) (attempt 1) for https://www.gamigion.com/the-power-of-partnership-in-mobile-gaming-part-10
2025-12-12 16:36:34,379 INFO Saved: https://www.gamigion.com/love-this-smart-rewarded-flow-in-mob-control-by-voodoo -> 059_Love this smart Rewarded flow in Mob Control by Voodoo.md
2025-12-12 16:36:34,633 WARNING Request error HTTPSConnectionPool(host='www.gamigion.com', port=443): Read timed out. (read timeout=12) (attempt 2) for https://www.gamigion.com/welcome-back-pass-designed-for-returning-users-on-survivor-io
2025-12-12 16:36:35,182 WARNING Request error HTTPSConnectionPool(host='www.gamigion.com', port=443): Read timed out. (read timeout=12) (attempt 1) for https://www.gamigion.com/car-match-by-grand-games-is-full-of-thoughtful-touches
2025-12-12 16:36:35,734 WARNING Request error HTTPSConnectionPool(host='www.gamigion.com', port=443): Read timed out. (read timeout=12) (attempt 1) for https://www.gamigion.com/just-loved-this-clean-offer-design-from-color-slide-by-saygames
2025-12-12 16:36:37,812 WARNING Request error HTTPSConnectionPool(host='www.gamigion.com', port=443): Read timed out. (read timeout=12) (attempt 1) for https://www.gamigion.com/in-game-discord-invite-in-cook-merge-by-supersolid
2025-12-12 16:36:39,284 WARNING Request error HTTPSConnectionPool(host='www.gamigion.com', port=443): Read timed out. (read timeout=12) (attempt 1) for https://www.gamigion.com/loved-this-3-day-starter-pack-design
2025-12-12 16:36:40,967 WARNING Request error HTTPSConnectionPool(host='www.gamigion.com', port=443): Read timed out. (read timeout=12) (attempt 1) for https://www.gamigion.com/car-match-by-grand-games-surprised-by-their-daily-task-system
2025-12-12 16:36:45,818 WARNING Request error HTTPSConnectionPool(host='www.gamigion.com', port=443): Read timed out. (read timeout=12) (attempt 2) for https://www.gamigion.com/the-power-of-partnership-in-mobile-gaming-part-10
2025-12-12 16:36:48,761 WARNING Request error HTTPSConnectionPool(host='www.gamigion.com', port=443): Read timed out. (read timeout=12) (attempt 2) for https://www.gamigion.com/car-match-by-grand-games-is-full-of-thoughtful-touches
2025-12-12 16:36:49,730 WARNING Request error HTTPSConnectionPool(host='www.gamigion.com', port=443): Read timed out. (read timeout=12) (attempt 3) for https://www.gamigion.com/welcome-back-pass-designed-for-returning-users-on-survivor-io
2025-12-12 16:36:51,358 WARNING Request error HTTPSConnectionPool(host='www.gamigion.com', port=443): Read timed out. (read timeout=12) (attempt 2) for https://www.gamigion.com/just-loved-this-clean-offer-design-from-color-slide-by-saygames
2025-12-12 16:36:51,432 WARNING Request error HTTPSConnectionPool(host='www.gamigion.com', port=443): Read timed out. (read timeout=12) (attempt 2) for https://www.gamigion.com/in-game-discord-invite-in-cook-merge-by-supersolid
2025-12-12 16:36:52,297 ERROR Giving up on https://www.gamigion.com/welcome-back-pass-designed-for-returning-users-on-survivor-io after 3 attempts
2025-12-12 16:36:52,319 INFO No html for https://www.gamigion.com/welcome-back-pass-designed-for-returning-users-on-survivor-io
2025-12-12 16:36:52,320 INFO Skipped/failed: https://www.gamigion.com/welcome-back-pass-designed-for-returning-users-on-survivor-io
2025-12-12 16:36:53,416 WARNING Request error HTTPSConnectionPool(host='www.gamigion.com', port=443): Read timed out. (read timeout=12) (attempt 2) for https://www.gamigion.com/loved-this-3-day-starter-pack-design
2025-12-12 16:36:55,765 WARNING Request error HTTPSConnectionPool(host='www.gamigion.com', port=443): Read timed out. (read timeout=12) (attempt 2) for https://www.gamigion.com/car-match-by-grand-games-surprised-by-their-daily-task-system
2025-12-12 16:36:57,708 WARNING Request error HTTPSConnectionPool(host='www.gamigion.com', port=443): Read timed out. (read timeout=12) (attempt 1) for https://www.gamigion.com/noticed-this-cross-promo-in-word-trip-by-playsimple-games
2025-12-12 16:37:00,154 WARNING Request error HTTPSConnectionPool(host='www.gamigion.com', port=443): Read timed out. (read timeout=12) (attempt 3) for https://www.gamigion.com/the-power-of-partnership-in-mobile-gaming-part-10
2025-12-12 16:37:01,856 INFO Saved: https://www.gamigion.com/car-match-by-grand-games-is-full-of-thoughtful-touches -> 060_Car Match by Grand Games is full of thoughtful touches.md
2025-12-12 16:37:02,715 ERROR Giving up on https://www.gamigion.com/the-power-of-partnership-in-mobile-gaming-part-10 after 3 attempts
2025-12-12 16:37:02,715 INFO No html for https://www.gamigion.com/the-power-of-partnership-in-mobile-gaming-part-10
2025-12-12 16:37:02,715 INFO Skipped/failed: https://www.gamigion.com/the-power-of-partnership-in-mobile-gaming-part-10
2025-12-12 16:37:04,293 INFO Saved: https://www.gamigion.com/just-loved-this-clean-offer-design-from-color-slide-by-saygames -> 061_Just loved this clean offer design from Color Slide by SayGames.md
2025-12-12 16:37:04,294 INFO Saved: https://www.gamigion.com/author/kopelovich/page/5 -> 068_Another new cat-themed puzzle game just dropped.md
2025-12-12 16:37:06,492 INFO Saved: https://www.gamigion.com/noticed-this-cross-promo-in-word-trip-by-playsimple-games -> 065_Noticed this cross-promo in Word Trip by PlaySimple Games.md
2025-12-12 16:37:07,479 INFO Saved: https://www.gamigion.com/in-game-discord-invite-in-cook-merge-by-supersolid -> 063_in-game Discord invite in Cook  Merge by Supersolid.md
2025-12-12 16:37:07,606 INFO Saved: https://www.gamigion.com/loved-this-3-day-starter-pack-design -> 062_Loved this 3-day starter pack design.md
2025-12-12 16:37:12,757 INFO Saved: https://www.gamigion.com/the-complete-guide-to-sort-games-monetization-part-2 -> 066_The Complete Guide to Sort Games Monetization  Part 2.md
2025-12-12 16:37:14,509 INFO Saved: https://www.gamigion.com/car-match-by-grand-games-surprised-by-their-daily-task-system -> 064_Car Match by Grand Games Surprised by their Daily Task system.md
2025-12-12 16:37:19,608 WARNING Request error HTTPSConnectionPool(host='www.gamigion.com', port=443): Read timed out. (read timeout=12) (attempt 1) for https://www.gamigion.com/an-event-gated-behind-a-paywall-from-coin-master
2025-12-12 16:37:21,607 INFO Saved: https://www.gamigion.com/welcome-back-event -> 067_Welcome Back event.md
2025-12-12 16:37:23,110 INFO Saved: https://www.gamigion.com/wp-login.php?redirect_to=https%3A%2F%2Fwww.gamigion.com%2Fwelcome-back-pass-designed-for-returning-users-on-survivor-io%2F&action=register -> 069_untitled.md
2025-12-12 16:37:27,206 WARNING Request error HTTPSConnectionPool(host='www.gamigion.com', port=443): Read timed out. (read timeout=12) (attempt 1) for https://www.gamigion.com/another-new-cat-themed-puzzle-game-just-dropped
2025-12-12 16:37:29,145 WARNING Request error HTTPSConnectionPool(host='www.gamigion.com', port=443): Read timed out. (read timeout=12) (attempt 1) for https://www.gamigion.com/putting-emoji-in-your-apps-name
2025-12-12 16:37:29,557 WARNING Request error HTTPSConnectionPool(host='www.gamigion.com', port=443): Read timed out. (read timeout=12) (attempt 1) for https://www.gamigion.com/full-event-gated-behind-a-one-time-payment
2025-12-12 16:37:33,027 INFO Saved: https://www.gamigion.com/missed-a-day-in-your-daily-login-streak -> 075_Missed a day in your daily login streak.md
2025-12-12 16:37:34,598 INFO Saved: https://www.gamigion.com/interesting-twist-on-daily-goals-in-cake-sort-by-lion-studios -> 074_Interesting twist on daily goals in Cake Sort by Lion Studios.md
2025-12-12 16:37:34,738 INFO Saved: https://www.gamigion.com/an-event-gated-behind-a-paywall-from-coin-master -> 072_An event gated behind a paywall from Coin Master.md
2025-12-12 16:37:36,247 INFO Saved: https://www.gamigion.com/spotted-a-clever-twist-in-chum-chums-battle-pass -> 076_Spotted a clever twist in Chum Chums battle pass.md
2025-12-12 16:37:40,900 INFO Saved: https://www.gamigion.com/full-event-gated-behind-a-one-time-payment -> 073_Full event gated behind a one-time payment.md
2025-12-12 16:37:41,007 INFO Saved: https://www.gamigion.com/putting-emoji-in-your-apps-name -> 071_Putting emoji in your Apps name.md
2025-12-12 16:37:42,001 INFO Saved: https://www.gamigion.com/author/kopelovich/page/6 -> 082_The Power of Partnership Mobile Gaming Collaborations.md
2025-12-12 16:37:43,296 WARNING Request error HTTPSConnectionPool(host='www.gamigion.com', port=443): Read timed out. (read timeout=12) (attempt 1) for https://www.gamigion.com/really-liked-this-small-ui-touch-in-block-jam
2025-12-12 16:37:44,578 WARNING Request error HTTPSConnectionPool(host='www.gamigion.com', port=443): Read timed out. (read timeout=12) (attempt 2) for https://www.gamigion.com/another-new-cat-themed-puzzle-game-just-dropped
2025-12-12 16:37:47,292 INFO Saved: https://www.gamigion.com/another-new-cat-themed-puzzle-game-just-dropped -> 070_Another new cat-themed puzzle game just dropped.md
2025-12-12 16:37:55,182 INFO Saved: https://www.gamigion.com/upgradable-piggy-banks-long-term-monetization-layer -> 078_Upgradable Piggy Banks Long-term Monetization Layer.md
2025-12-12 16:37:55,435 INFO Saved: https://www.gamigion.com/really-liked-this-small-ui-touch-in-block-jam -> 077_Really liked this small UI touch in Block Jam.md
2025-12-12 16:37:57,334 WARNING Request error HTTPSConnectionPool(host='www.gamigion.com', port=443): Read timed out. (read timeout=12) (attempt 1) for https://www.gamigion.com/adorable-seasonal-icon-update-for-screw-jam
2025-12-12 16:37:58,251 WARNING Request error HTTPSConnectionPool(host='www.gamigion.com', port=443): Read timed out. (read timeout=12) (attempt 1) for https://www.gamigion.com/make-any-purchase-and-get-rewarded
2025-12-12 16:37:59,179 WARNING Request error HTTPSConnectionPool(host='www.gamigion.com', port=443): Read timed out. (read timeout=12) (attempt 1) for https://www.gamigion.com/royal-match-really-knows-how-to-make-small-wins-feel-huge
2025-12-12 16:38:01,675 INFO Saved: https://www.gamigion.com/royal-match-really-knows-how-to-make-small-wins-feel-huge -> 081_Royal Match really knows how to make small wins feel huge.md
2025-12-12 16:38:02,018 WARNING Request error HTTPSConnectionPool(host='www.gamigion.com', port=443): Read timed out. (read timeout=12) (attempt 1) for https://www.gamigion.com/the-power-of-partnership-mobile-gaming-collaborations-2
2025-12-12 16:38:03,486 INFO Saved: https://www.gamigion.com/wp-login.php?redirect_to=https%3A%2F%2Fwww.gamigion.com%2Fanother-new-cat-themed-puzzle-game-just-dropped%2F&action=register -> 083_untitled.md
2025-12-12 16:38:07,188 WARNING Request error HTTPSConnectionPool(host='www.gamigion.com', port=443): Read timed out. (read timeout=12) (attempt 1) for https://www.gamigion.com/just-hit-my-1-year-anniversary-in-monopoly-go
2025-12-12 16:38:07,463 WARNING Request error HTTPSConnectionPool(host='www.gamigion.com', port=443): Read timed out. (read timeout=12) (attempt 1) for https://www.gamigion.com/live-activities-beyond-games-real-world-example
2025-12-12 16:38:11,007 INFO Saved: https://www.gamigion.com/most-news-tabs-in-social-casino-games-are-forgettable -> 085_Most news tabs in social casino games are forgettable.md
2025-12-12 16:38:11,426 WARNING Request error HTTPSConnectionPool(host='www.gamigion.com', port=443): Read timed out. (read timeout=12) (attempt 2) for https://www.gamigion.com/adorable-seasonal-icon-update-for-screw-jam
2025-12-12 16:38:12,465 WARNING Request error HTTPSConnectionPool(host='www.gamigion.com', port=443): Read timed out. (read timeout=12) (attempt 2) for https://www.gamigion.com/make-any-purchase-and-get-rewarded
2025-12-12 16:38:15,500 WARNING Request error HTTPSConnectionPool(host='www.gamigion.com', port=443): Read timed out. (read timeout=12) (attempt 1) for https://www.gamigion.com/daily-weekly-challenge-setup-in-time-blast
2025-12-12 16:38:15,642 WARNING Request error HTTPSConnectionPool(host='www.gamigion.com', port=443): Read timed out. (read timeout=12) (attempt 2) for https://www.gamigion.com/the-power-of-partnership-mobile-gaming-collaborations-2
2025-12-12 16:38:21,296 WARNING Request error HTTPSConnectionPool(host='www.gamigion.com', port=443): Read timed out. (read timeout=12) (attempt 2) for https://www.gamigion.com/just-hit-my-1-year-anniversary-in-monopoly-go
2025-12-12 16:38:25,117 INFO Saved: https://www.gamigion.com/welcome-back-reward-screen-in-dice-dreams -> 088_Welcome Back reward screen in Dice Dreams.md
2025-12-12 16:38:25,466 WARNING Request error HTTPSConnectionPool(host='www.gamigion.com', port=443): Read timed out. (read timeout=12) (attempt 2) for https://www.gamigion.com/live-activities-beyond-games-real-world-example
2025-12-12 16:38:26,661 WARNING Request error HTTPSConnectionPool(host='www.gamigion.com', port=443): Read timed out. (read timeout=12) (attempt 3) for https://www.gamigion.com/adorable-seasonal-icon-update-for-screw-jam
2025-12-12 16:38:28,040 WARNING Request error HTTPSConnectionPool(host='www.gamigion.com', port=443): Read timed out. (read timeout=12) (attempt 3) for https://www.gamigion.com/make-any-purchase-and-get-rewarded
2025-12-12 16:38:29,224 ERROR Giving up on https://www.gamigion.com/adorable-seasonal-icon-update-for-screw-jam after 3 attempts
2025-12-12 16:38:29,224 INFO No html for https://www.gamigion.com/adorable-seasonal-icon-update-for-screw-jam
2025-12-12 16:38:29,226 INFO Skipped/failed: https://www.gamigion.com/adorable-seasonal-icon-update-for-screw-jam
2025-12-12 16:38:30,602 ERROR Giving up on https://www.gamigion.com/make-any-purchase-and-get-rewarded after 3 attempts
2025-12-12 16:38:30,602 INFO No html for https://www.gamigion.com/make-any-purchase-and-get-rewarded
2025-12-12 16:38:30,602 INFO Skipped/failed: https://www.gamigion.com/make-any-purchase-and-get-rewarded
2025-12-12 16:38:30,698 WARNING Request error HTTPSConnectionPool(host='www.gamigion.com', port=443): Read timed out. (read timeout=12) (attempt 3) for https://www.gamigion.com/the-power-of-partnership-mobile-gaming-collaborations-2
2025-12-12 16:38:30,885 WARNING Request error HTTPSConnectionPool(host='www.gamigion.com', port=443): Read timed out. (read timeout=12) (attempt 2) for https://www.gamigion.com/daily-weekly-challenge-setup-in-time-blast
2025-12-12 16:38:33,260 ERROR Giving up on https://www.gamigion.com/the-power-of-partnership-mobile-gaming-collaborations-2 after 3 attempts
2025-12-12 16:38:33,260 INFO No html for https://www.gamigion.com/the-power-of-partnership-mobile-gaming-collaborations-2
2025-12-12 16:38:33,262 INFO Skipped/failed: https://www.gamigion.com/the-power-of-partnership-mobile-gaming-collaborations-2
2025-12-12 16:38:34,644 WARNING Request error HTTPSConnectionPool(host='www.gamigion.com', port=443): Read timed out. (read timeout=12) (attempt 1) for https://www.gamigion.com/wheel-of-cats-with-a-twist
2025-12-12 16:38:35,628 WARNING Request error HTTPSConnectionPool(host='www.gamigion.com', port=443): Read timed out. (read timeout=12) (attempt 3) for https://www.gamigion.com/just-hit-my-1-year-anniversary-in-monopoly-go
2025-12-12 16:38:38,190 ERROR Giving up on https://www.gamigion.com/just-hit-my-1-year-anniversary-in-monopoly-go after 3 attempts
2025-12-12 16:38:38,190 INFO No html for https://www.gamigion.com/just-hit-my-1-year-anniversary-in-monopoly-go
2025-12-12 16:38:38,190 INFO Skipped/failed: https://www.gamigion.com/just-hit-my-1-year-anniversary-in-monopoly-go
2025-12-12 16:38:40,413 INFO Saved: https://www.gamigion.com/live-activities-beyond-games-real-world-example -> 087_Live Activities Beyond Games Real-World Example.md
2025-12-12 16:38:41,500 INFO Saved: https://www.gamigion.com/author/kopelovich/page/7 -> 096_Sort Games Monetization Complete Guide.md
2025-12-12 16:38:42,915 WARNING Request error HTTPSConnectionPool(host='www.gamigion.com', port=443): Read timed out. (read timeout=12) (attempt 1) for https://www.gamigion.com/interesting-approach-in-cake-sort-by-lion-studios
2025-12-12 16:38:45,644 WARNING Request error HTTPSConnectionPool(host='www.gamigion.com', port=443): Read timed out. (read timeout=12) (attempt 1) for https://www.gamigion.com/parental-controls-in-mobile-games
2025-12-12 16:38:47,516 WARNING Request error HTTPSConnectionPool(host='www.gamigion.com', port=443): Read timed out. (read timeout=12) (attempt 3) for https://www.gamigion.com/daily-weekly-challenge-setup-in-time-blast
2025-12-12 16:38:47,820 WARNING Request error HTTPSConnectionPool(host='www.gamigion.com', port=443): Read timed out. (read timeout=12) (attempt 1) for https://www.gamigion.com/level-failed-no-problem
2025-12-12 16:38:49,306 WARNING Request error HTTPSConnectionPool(host='www.gamigion.com', port=443): Read timed out. (read timeout=12) (attempt 2) for https://www.gamigion.com/wheel-of-cats-with-a-twist
2025-12-12 16:38:50,079 ERROR Giving up on https://www.gamigion.com/daily-weekly-challenge-setup-in-time-blast after 3 attempts
2025-12-12 16:38:50,079 INFO No html for https://www.gamigion.com/daily-weekly-challenge-setup-in-time-blast
2025-12-12 16:38:50,079 INFO Skipped/failed: https://www.gamigion.com/daily-weekly-challenge-setup-in-time-blast
2025-12-12 16:38:50,579 WARNING Request error HTTPSConnectionPool(host='www.gamigion.com', port=443): Read timed out. (read timeout=12) (attempt 1) for https://www.gamigion.com/cake-sorts-x2-rewarded-video-option
2025-12-12 16:38:52,422 WARNING Request error HTTPSConnectionPool(host='www.gamigion.com', port=443): Read timed out. (read timeout=12) (attempt 1) for https://www.gamigion.com/perfect-gaming-app-icon
2025-12-12 16:38:59,831 WARNING Request error HTTPSConnectionPool(host='www.gamigion.com', port=443): Read timed out. (read timeout=12) (attempt 2) for https://www.gamigion.com/parental-controls-in-mobile-games
2025-12-12 16:39:02,696 WARNING Request error HTTPSConnectionPool(host='www.gamigion.com', port=443): Read timed out. (read timeout=12) (attempt 2) for https://www.gamigion.com/level-failed-no-problem
2025-12-12 16:39:03,693 WARNING Request error HTTPSConnectionPool(host='www.gamigion.com', port=443): Read timed out. (read timeout=12) (attempt 3) for https://www.gamigion.com/wheel-of-cats-with-a-twist
2025-12-12 16:39:03,934 INFO Saved: https://www.gamigion.com/wp-login.php?redirect_to=https%3A%2F%2Fwww.gamigion.com%2Fthe-power-of-partnership-mobile-gaming-collaborations-2%2F&action=register -> 097_untitled.md
2025-12-12 16:39:04,859 INFO Saved: https://www.gamigion.com/parental-controls-in-mobile-games -> 094_Parental controls in Mobile Games.md
2025-12-12 16:39:06,254 ERROR Giving up on https://www.gamigion.com/wheel-of-cats-with-a-twist after 3 attempts
2025-12-12 16:39:06,254 INFO No html for https://www.gamigion.com/wheel-of-cats-with-a-twist
2025-12-12 16:39:06,254 INFO Skipped/failed: https://www.gamigion.com/wheel-of-cats-with-a-twist
2025-12-12 16:39:06,816 WARNING Request error HTTPSConnectionPool(host='www.gamigion.com', port=443): Read timed out. (read timeout=12) (attempt 2) for https://www.gamigion.com/perfect-gaming-app-icon
2025-12-12 16:39:08,397 INFO Saved: https://www.gamigion.com/interesting-approach-in-cake-sort-by-lion-studios -> 092_Interesting approach in Cake Sort by Lion Studios.md
2025-12-12 16:39:11,199 INFO Saved: https://www.gamigion.com/cake-sorts-x2-rewarded-video-option -> 095_Cake Sorts x2 Rewarded Video Option.md
2025-12-12 16:39:11,906 INFO Saved: https://www.gamigion.com/sort-games-monetization-complete-guide -> 098_Sort Games Monetization Complete Guide.md
2025-12-12 16:39:15,943 INFO Saved: https://www.gamigion.com/level-failed-no-problem -> 091_Level failed No problem.md
2025-12-12 16:39:21,442 INFO Saved: https://www.gamigion.com/new-take-in-coin-master-team-up-for-daily-challenges -> 100_New Take in Coin Master Team Up for Daily Challenges.md
2025-12-12 16:39:21,572 INFO Saved: https://www.gamigion.com/good-rv-placement-in-cake-await -> 099_Good RV Placement in Cake Await.md
2025-12-12 16:39:22,231 INFO Saved: https://www.gamigion.com/email-sign-ups-done-right -> 101_Email Sign-Ups Done Right.md
2025-12-12 16:39:25,666 INFO Saved: https://www.gamigion.com/game-changer-display-for-mobile-games -> 104_Game-changer Display for Mobile Games.md
2025-12-12 16:39:26,071 INFO Saved: https://www.gamigion.com/summoners-war-x-demon-slayer-collaboration -> 103_Summoners War x Demon Slayer Collaboration.md
2025-12-12 16:39:26,202 INFO Saved: https://www.gamigion.com/perfect-gaming-app-icon -> 093_Perfect Gaming App Icon.md
2025-12-12 16:39:26,710 INFO Saved: https://www.gamigion.com/author/kopelovich/page/8 -> 110_Interesting Approach by Dice Dreams.md
2025-12-12 16:39:27,163 INFO Saved: https://www.gamigion.com/apple-live-activities-being-used-in-a-mobile-game -> 102_Apple Live Activities being used in a Mobile Game.md
2025-12-12 16:39:34,959 INFO Saved: https://www.gamigion.com/interesting-event-in-royal-kingdom -> 105_Interesting event in Royal Kingdom.md
2025-12-12 16:39:39,668 WARNING Request error HTTPSConnectionPool(host='www.gamigion.com', port=443): Read timed out. (read timeout=12) (attempt 1) for https://www.gamigion.com/merge-games-monetization-complete-guide
2025-12-12 16:39:41,541 WARNING Request error HTTPSConnectionPool(host='www.gamigion.com', port=443): Read timed out. (read timeout=12) (attempt 1) for https://www.gamigion.com/daily-rewards-design-in-block-heads
2025-12-12 16:39:41,696 WARNING Request error HTTPSConnectionPool(host='www.gamigion.com', port=443): Read timed out. (read timeout=12) (attempt 1) for https://www.gamigion.com/streak-mechanic-turned-into-a-time-limited-event-progression
2025-12-12 16:39:47,004 INFO Saved: https://www.gamigion.com/wp-login.php?redirect_to=https%3A%2F%2Fwww.gamigion.com%2Fsort-games-monetization-complete-guide%2F&action=register -> 111_untitled.md
2025-12-12 16:39:47,202 INFO Saved: https://www.gamigion.com/interesting-approach-by-dice-dreams -> 112_Interesting Approach by Dice Dreams.md
2025-12-12 16:39:47,749 WARNING Request error HTTPSConnectionPool(host='www.gamigion.com', port=443): Read timed out. (read timeout=12) (attempt 1) for https://www.gamigion.com/interesting-take-on-a-rolling-offer-from-coin-master
2025-12-12 16:39:49,052 WARNING Request error HTTPSConnectionPool(host='www.gamigion.com', port=443): Read timed out. (read timeout=12) (attempt 1) for https://www.gamigion.com/hooked-on-little-farm-story
2025-12-12 16:39:49,879 INFO Saved: https://www.gamigion.com/interesting-take-on-a-rolling-offer-from-coin-master -> 109_Interesting take on a rolling offer from Coin Master.md
2025-12-12 16:39:50,037 INFO Saved: https://www.gamigion.com/merge-games-monetization-complete-guide -> 106_Merge Games Monetization Complete Guide.md
2025-12-12 16:39:51,958 INFO Saved: https://www.gamigion.com/monetization-in-sort-games-a-sneak-peek -> 114_Monetization in Sort Games  A Sneak Peek.md
2025-12-12 16:39:55,227 WARNING Request error HTTPSConnectionPool(host='www.gamigion.com', port=443): Read timed out. (read timeout=12) (attempt 2) for https://www.gamigion.com/daily-rewards-design-in-block-heads
2025-12-12 16:39:55,538 INFO Saved: https://www.gamigion.com/streak-mechanic-turned-into-a-time-limited-event-progression -> 108_Streak mechanic turned into a time-limited event progression.md
2025-12-12 16:39:59,152 INFO Saved: https://www.gamigion.com/daily-rewards-design-in-block-heads -> 107_Daily rewards design in Block Heads.md
2025-12-12 16:40:02,339 INFO Saved: https://www.gamigion.com/hooked-on-little-farm-story -> 113_Hooked on Little Farm Story.md
2025-12-12 16:40:07,348 INFO Saved: https://www.gamigion.com/the-power-of-partnership-mobile-gaming-collaborations -> 116_The Power of Partnership Mobile Gaming Collaborations.md
2025-12-12 16:40:08,679 INFO Saved: https://www.gamigion.com/would-love-to-see-more-games-implementing-this -> 115_Would love to see more games implementing this.md
2025-12-12 16:40:09,766 INFO Saved: https://www.gamigion.com/author/kopelovich/page/9 -> 124_Dynamic Offers in Action.md
2025-12-12 16:40:11,447 INFO Saved: https://www.gamigion.com/welcome-back-screen-from-travel-town-by-moon-active -> 118_Welcome Back screen from Travel Town by Moon Active.md
2025-12-12 16:40:12,473 INFO Saved: https://www.gamigion.com/love-this-rolling-offer-design-in-coin-master -> 117_Love this rolling offer design in Coin Master.md
2025-12-12 16:40:12,964 INFO Saved: https://www.gamigion.com/digging-deeper-with-gossip-harbor -> 119_Digging deeper with Gossip Harbor.md
2025-12-12 16:40:16,259 WARNING Request error HTTPSConnectionPool(host='www.gamigion.com', port=443): Read timed out. (read timeout=12) (attempt 1) for https://www.gamigion.com/archero-2-onboarding-done-right
2025-12-12 16:40:19,359 WARNING Request error HTTPSConnectionPool(host='www.gamigion.com', port=443): Read timed out. (read timeout=12) (attempt 1) for https://www.gamigion.com/reaching-every-player-type
2025-12-12 16:40:21,778 WARNING Request error HTTPSConnectionPool(host='www.gamigion.com', port=443): Read timed out. (read timeout=12) (attempt 1) for https://www.gamigion.com/saygames-is-stepping-up-its-no-ads-offer-game
2025-12-12 16:40:21,778 WARNING Request error HTTPSConnectionPool(host='www.gamigion.com', port=443): Read timed out. (read timeout=12) (attempt 1) for https://www.gamigion.com/wp-login.php?redirect_to=https%3A%2F%2Fwww.gamigion.com%2Finteresting-approach-by-dice-dreams%2F&action=register
2025-12-12 16:40:23,460 WARNING Request error HTTPSConnectionPool(host='www.gamigion.com', port=443): Read timed out. (read timeout=12) (attempt 1) for https://www.gamigion.com/dynamic-offers-in-action
2025-12-12 16:40:24,486 WARNING Request error HTTPSConnectionPool(host='www.gamigion.com', port=443): Read timed out. (read timeout=12) (attempt 1) for https://www.gamigion.com/crafting-player-centric-experiences
2025-12-12 16:40:24,838 WARNING Request error HTTPSConnectionPool(host='www.gamigion.com', port=443): Read timed out. (read timeout=12) (attempt 1) for https://www.gamigion.com/welcome-back-with-style
2025-12-12 16:40:24,968 WARNING Request error HTTPSConnectionPool(host='www.gamigion.com', port=443): Read timed out. (read timeout=12) (attempt 1) for https://www.gamigion.com/interesting-offer-in-coin-master-by-moon-active
2025-12-12 16:40:30,826 WARNING Request error HTTPSConnectionPool(host='www.gamigion.com', port=443): Read timed out. (read timeout=12) (attempt 2) for https://www.gamigion.com/archero-2-onboarding-done-right
2025-12-12 16:40:35,490 WARNING Request error HTTPSConnectionPool(host='www.gamigion.com', port=443): Read timed out. (read timeout=12) (attempt 2) for https://www.gamigion.com/saygames-is-stepping-up-its-no-ads-offer-game
2025-12-12 16:40:36,588 WARNING Request error HTTPSConnectionPool(host='www.gamigion.com', port=443): Read timed out. (read timeout=12) (attempt 2) for https://www.gamigion.com/wp-login.php?redirect_to=https%3A%2F%2Fwww.gamigion.com%2Finteresting-approach-by-dice-dreams%2F&action=register
2025-12-12 16:40:36,825 WARNING Request error HTTPSConnectionPool(host='www.gamigion.com', port=443): Read timed out. (read timeout=12) (attempt 2) for https://www.gamigion.com/dynamic-offers-in-action
2025-12-12 16:40:37,834 WARNING Request error HTTPSConnectionPool(host='www.gamigion.com', port=443): Read timed out. (read timeout=12) (attempt 2) for https://www.gamigion.com/crafting-player-centric-experiences
2025-12-12 16:40:38,461 WARNING Request error HTTPSConnectionPool(host='www.gamigion.com', port=443): Read timed out. (read timeout=12) (attempt 2) for https://www.gamigion.com/interesting-offer-in-coin-master-by-moon-active
2025-12-12 16:40:39,994 WARNING Request error HTTPSConnectionPool(host='www.gamigion.com', port=443): Read timed out. (read timeout=12) (attempt 2) for https://www.gamigion.com/welcome-back-with-style
2025-12-12 16:40:45,876 WARNING Request error HTTPSConnectionPool(host='www.gamigion.com', port=443): Read timed out. (read timeout=12) (attempt 2) for https://www.gamigion.com/reaching-every-player-type
2025-12-12 16:40:46,084 WARNING Request error HTTPSConnectionPool(host='www.gamigion.com', port=443): Read timed out. (read timeout=12) (attempt 3) for https://www.gamigion.com/archero-2-onboarding-done-right
2025-12-12 16:40:48,645 ERROR Giving up on https://www.gamigion.com/archero-2-onboarding-done-right after 3 attempts
2025-12-12 16:40:48,645 INFO No html for https://www.gamigion.com/archero-2-onboarding-done-right
2025-12-12 16:40:48,645 INFO Skipped/failed: https://www.gamigion.com/archero-2-onboarding-done-right
2025-12-12 16:40:50,358 INFO Saved: https://www.gamigion.com/saygames-is-stepping-up-its-no-ads-offer-game -> 121_SayGames is stepping up its no-ads offer game.md
2025-12-12 16:40:50,855 WARNING Request error HTTPSConnectionPool(host='www.gamigion.com', port=443): Read timed out. (read timeout=12) (attempt 3) for https://www.gamigion.com/dynamic-offers-in-action
2025-12-12 16:40:51,722 WARNING Request error HTTPSConnectionPool(host='www.gamigion.com', port=443): Read timed out. (read timeout=12) (attempt 3) for https://www.gamigion.com/wp-login.php?redirect_to=https%3A%2F%2Fwww.gamigion.com%2Finteresting-approach-by-dice-dreams%2F&action=register
2025-12-12 16:40:51,917 WARNING Request error HTTPSConnectionPool(host='www.gamigion.com', port=443): Read timed out. (read timeout=12) (attempt 3) for https://www.gamigion.com/crafting-player-centric-experiences
2025-12-12 16:40:53,417 ERROR Giving up on https://www.gamigion.com/dynamic-offers-in-action after 3 attempts
2025-12-12 16:40:53,417 INFO No html for https://www.gamigion.com/dynamic-offers-in-action
2025-12-12 16:40:53,417 INFO Skipped/failed: https://www.gamigion.com/dynamic-offers-in-action
2025-12-12 16:40:54,284 ERROR Giving up on https://www.gamigion.com/wp-login.php?redirect_to=https%3A%2F%2Fwww.gamigion.com%2Finteresting-approach-by-dice-dreams%2F&action=register after 3 attempts
2025-12-12 16:40:54,284 INFO No html for https://www.gamigion.com/wp-login.php?redirect_to=https%3A%2F%2Fwww.gamigion.com%2Finteresting-approach-by-dice-dreams%2F&action=register
2025-12-12 16:40:54,284 INFO Skipped/failed: https://www.gamigion.com/wp-login.php?redirect_to=https%3A%2F%2Fwww.gamigion.com%2Finteresting-approach-by-dice-dreams%2F&action=register
2025-12-12 16:40:54,480 ERROR Giving up on https://www.gamigion.com/crafting-player-centric-experiences after 3 attempts
2025-12-12 16:40:54,480 INFO No html for https://www.gamigion.com/crafting-player-centric-experiences
2025-12-12 16:40:54,480 INFO Skipped/failed: https://www.gamigion.com/crafting-player-centric-experiences
2025-12-12 16:40:55,672 WARNING Request error HTTPSConnectionPool(host='www.gamigion.com', port=443): Read timed out. (read timeout=12) (attempt 3) for https://www.gamigion.com/welcome-back-with-style
2025-12-12 16:40:58,234 ERROR Giving up on https://www.gamigion.com/welcome-back-with-style after 3 attempts
2025-12-12 16:40:58,234 INFO No html for https://www.gamigion.com/welcome-back-with-style
2025-12-12 16:40:58,235 INFO Skipped/failed: https://www.gamigion.com/welcome-back-with-style
2025-12-12 16:41:00,303 WARNING Request error HTTPSConnectionPool(host='www.gamigion.com', port=443): Read timed out. (read timeout=12) (attempt 3) for https://www.gamigion.com/reaching-every-player-type
2025-12-12 16:41:02,869 ERROR Giving up on https://www.gamigion.com/reaching-every-player-type after 3 attempts
2025-12-12 16:41:02,869 INFO No html for https://www.gamigion.com/reaching-every-player-type
2025-12-12 16:41:02,869 INFO Skipped/failed: https://www.gamigion.com/reaching-every-player-type
2025-12-12 16:41:02,925 INFO Saved: https://www.gamigion.com/interesting-offer-in-coin-master-by-moon-active -> 128_Interesting offer in Coin Master by Moon Active.md
2025-12-12 16:41:03,640 INFO Saved: https://www.gamigion.com/creative-animation-alert -> 132_Creative Animation Alert.md
2025-12-12 16:41:09,271 WARNING Request error HTTPSConnectionPool(host='www.gamigion.com', port=443): Read timed out. (read timeout=12) (attempt 1) for https://www.gamigion.com/cross-promotion-pop-up-carousel
2025-12-12 16:41:12,382 INFO Saved: https://www.gamigion.com/christmas-loading-screens-in-games -> 130_Christmas Loading Screens in Games.md
2025-12-12 16:41:12,520 INFO Saved: https://www.gamigion.com/cross-promotion-pop-up-carousel -> 129_Cross Promotion Pop-up Carousel.md
2025-12-12 16:41:13,644 INFO Saved: https://www.gamigion.com/author/kopelovich/page/10 -> 138_Coin Masters Build-Your-Own Offers.md
2025-12-12 16:41:16,122 WARNING Request error HTTPSConnectionPool(host='www.gamigion.com', port=443): Read timed out. (read timeout=12) (attempt 1) for https://www.gamigion.com/feedback-made-simple
2025-12-12 16:41:16,262 WARNING Request error HTTPSConnectionPool(host='www.gamigion.com', port=443): Read timed out. (read timeout=12) (attempt 1) for https://www.gamigion.com/smart-design-meets-convenience
2025-12-12 16:41:16,997 WARNING Request error HTTPSConnectionPool(host='www.gamigion.com', port=443): Read timed out. (read timeout=12) (attempt 1) for https://www.gamigion.com/gpt-vs-royal-match-can-ai-win-a-hard-level
2025-12-12 16:41:19,974 WARNING Request error HTTPSConnectionPool(host='www.gamigion.com', port=443): Read timed out. (read timeout=12) (attempt 1) for https://www.gamigion.com/the-power-of-partnerships-in-gaming
2025-12-12 16:41:23,841 WARNING Request error HTTPSConnectionPool(host='www.gamigion.com', port=443): Read timed out. (read timeout=12) (attempt 1) for https://www.gamigion.com/teamwork-meets-fomo-in-royal-kingdom
2025-12-12 16:41:23,940 WARNING Request error HTTPSConnectionPool(host='www.gamigion.com', port=443): Read timed out. (read timeout=12) (attempt 1) for https://www.gamigion.com/ad-flow-in-sticker-book-by-lion-studios
2025-12-12 16:41:24,538 WARNING Request error HTTPSConnectionPool(host='www.gamigion.com', port=443): Read timed out. (read timeout=12) (attempt 1) for https://www.gamigion.com/wp-login.php?redirect_to=https%3A%2F%2Fwww.gamigion.com%2Fdynamic-offers-in-action%2F&action=register
2025-12-12 16:41:25,652 WARNING Request error HTTPSConnectionPool(host='www.gamigion.com', port=443): Read timed out. (read timeout=12) (attempt 1) for https://www.gamigion.com/coin-masters-build-your-own-offers-%f0%9f%90%b7
2025-12-12 16:41:29,813 INFO Saved: https://www.gamigion.com/the-power-of-partnerships-in-gaming -> 134_The Power of Partnerships in Gaming.md
2025-12-12 16:41:30,225 INFO Saved: https://www.gamigion.com/smart-design-meets-convenience -> 133_Smart Design Meets Convenience.md
2025-12-12 16:41:30,753 INFO Saved: https://www.gamigion.com/gpt-vs-royal-match-can-ai-win-a-hard-level -> 131_GPT vs Royal Match Can AI Win a Hard Level.md
2025-12-12 16:41:33,469 INFO Saved: https://www.gamigion.com/ad-flow-in-sticker-book-by-lion-studios -> 137_Ad Flow in Sticker Book by Lion Studios.md
2025-12-12 16:41:34,413 INFO Saved: https://www.gamigion.com/feedback-made-simple -> 135_Feedback Made Simple.md
2025-12-12 16:41:40,864 WARNING Request error HTTPSConnectionPool(host='www.gamigion.com', port=443): Read timed out. (read timeout=12) (attempt 2) for https://www.gamigion.com/teamwork-meets-fomo-in-royal-kingdom
2025-12-12 16:41:45,964 WARNING Request error HTTPSConnectionPool(host='www.gamigion.com', port=443): Read timed out. (read timeout=12) (attempt 2) for https://www.gamigion.com/wp-login.php?redirect_to=https%3A%2F%2Fwww.gamigion.com%2Fdynamic-offers-in-action%2F&action=register
2025-12-12 16:41:48,475 INFO Saved: https://www.gamigion.com/twisted-tangles-smart-monetization-choices -> 141_Twisted Tangles Smart Monetization Choices.md
2025-12-12 16:41:48,545 WARNING Request error HTTPSConnectionPool(host='www.gamigion.com', port=443): Read timed out. (read timeout=12) (attempt 2) for https://www.gamigion.com/coin-masters-build-your-own-offers-%f0%9f%90%b7
2025-12-12 16:41:51,534 WARNING Request error HTTPSConnectionPool(host='www.gamigion.com', port=443): Read timed out. (read timeout=12) (attempt 1) for https://www.gamigion.com/smart-live-ops-integration-at-level-start-end
2025-12-12 16:41:52,150 WARNING Request error HTTPSConnectionPool(host='www.gamigion.com', port=443): Read timed out. (read timeout=12) (attempt 1) for https://www.gamigion.com/subtle-psychology-at-play-%f0%9f%94%a5
2025-12-12 16:41:54,471 INFO Saved: https://www.gamigion.com/teamwork-meets-fomo-in-royal-kingdom -> 136_Teamwork Meets FOMO in Royal Kingdom.md
2025-12-12 16:41:54,993 INFO Saved: https://www.gamigion.com/bringing-friends-bigger-rewards -> 144_Bringing Friends  Bigger Rewards.md
2025-12-12 16:41:55,410 INFO Saved: https://www.gamigion.com/just-discovered-something-cool-in-sticker-book -> 145_Just Discovered Something Cool in Sticker Book.md
2025-12-12 16:42:02,543 INFO Saved: https://www.gamigion.com/power-boost-unlocked-in-travel-town -> 146_Power Boost Unlocked in Travel Town.md
2025-12-12 16:42:02,679 INFO Saved: https://www.gamigion.com/coin-masters-build-your-own-offers-%f0%9f%90%b7 -> 140_Coin Masters Build-Your-Own Offers.md
2025-12-12 16:42:04,057 INFO Saved: https://www.gamigion.com/smart-live-ops-integration-at-level-start-end -> 143_Smart Live-Ops Integration at Level StartEnd.md
2025-12-12 16:42:04,742 INFO Saved: https://www.gamigion.com/subtle-psychology-at-play-%f0%9f%94%a5 -> 142_Subtle Psychology at Play.md
2025-12-12 16:42:04,891 INFO Saved: https://www.gamigion.com/author/kopelovich/page/11 -> 152_Super Cool Event in Twisted Tangle by Rollic Games.md
2025-12-12 16:42:09,764 WARNING Request error HTTPSConnectionPool(host='www.gamigion.com', port=443): Read timed out. (read timeout=12) (attempt 3) for https://www.gamigion.com/wp-login.php?redirect_to=https%3A%2F%2Fwww.gamigion.com%2Fdynamic-offers-in-action%2F&action=register
2025-12-12 16:42:12,331 ERROR Giving up on https://www.gamigion.com/wp-login.php?redirect_to=https%3A%2F%2Fwww.gamigion.com%2Fdynamic-offers-in-action%2F&action=register after 3 attempts
2025-12-12 16:42:12,331 INFO No html for https://www.gamigion.com/wp-login.php?redirect_to=https%3A%2F%2Fwww.gamigion.com%2Fdynamic-offers-in-action%2F&action=register
2025-12-12 16:42:12,331 INFO Skipped/failed: https://www.gamigion.com/wp-login.php?redirect_to=https%3A%2F%2Fwww.gamigion.com%2Fdynamic-offers-in-action%2F&action=register
2025-12-12 16:42:12,639 WARNING Request error HTTPSConnectionPool(host='www.gamigion.com', port=443): Read timed out. (read timeout=12) (attempt 1) for https://www.gamigion.com/fun-rewarding-screen-in-piggy-go
2025-12-12 16:42:13,967 WARNING Request error HTTPSConnectionPool(host='www.gamigion.com', port=443): Read timed out. (read timeout=12) (attempt 1) for https://www.gamigion.com/rolling-rv-offers-in-fish-of-fortune
2025-12-12 16:42:16,003 WARNING Request error HTTPSConnectionPool(host='www.gamigion.com', port=443): Read timed out. (read timeout=12) (attempt 1) for https://www.gamigion.com/no-ads-ui-integration-by-lion-studios
2025-12-12 16:42:16,902 WARNING Request error HTTPSConnectionPool(host='www.gamigion.com', port=443): Read timed out. (read timeout=12) (attempt 1) for https://www.gamigion.com/super-cool-event-in-twisted-tangle-by-rollic-games
2025-12-12 16:42:20,805 INFO Saved: https://www.gamigion.com/unlocking-skip-it-strategies-in-coin-sort-by-lion-studios -> 151_Unlocking Skip-it Strategies in Coin Sort by Lion Studios.md
2025-12-12 16:42:23,408 INFO Saved: https://www.gamigion.com/ad-free-options-in-tetris-block-puzzle -> 150_Ad-Free Options in Tetris Block Puzzle.md
2025-12-12 16:42:25,124 INFO Saved: https://www.gamigion.com/wp-login.php?redirect_to=https%3A%2F%2Fwww.gamigion.com%2Fcoin-masters-build-your-own-offers-%25f0%259f%2590%25b7%2F&action=register -> 153_untitled.md
2025-12-12 16:42:27,737 INFO Saved: https://www.gamigion.com/fun-rewarding-screen-in-piggy-go -> 147_Fun  Rewarding Screen in Piggy GO.md
2025-12-12 16:42:27,836 WARNING Request error HTTPSConnectionPool(host='www.gamigion.com', port=443): Read timed out. (read timeout=12) (attempt 2) for https://www.gamigion.com/rolling-rv-offers-in-fish-of-fortune
2025-12-12 16:42:30,266 INFO Saved: https://www.gamigion.com/no-ads-ui-integration-by-lion-studios -> 149_No-Ads UI Integration by Lion Studios.md
2025-12-12 16:42:31,594 WARNING Request error HTTPSConnectionPool(host='www.gamigion.com', port=443): Read timed out. (read timeout=12) (attempt 2) for https://www.gamigion.com/super-cool-event-in-twisted-tangle-by-rollic-games
2025-12-12 16:42:32,232 INFO Saved: https://www.gamigion.com/coin-masters-rolling-offer-in-their-token-thunder-event -> 155_Coin Masters Rolling Offer in their Token Thunder event.md
2025-12-12 16:42:35,778 INFO Saved: https://www.gamigion.com/super-cool-event-in-twisted-tangle-by-rollic-games -> 154_Super Cool Event in Twisted Tangle by Rollic Games.md
2025-12-12 16:42:42,243 WARNING Request error HTTPSConnectionPool(host='www.gamigion.com', port=443): Read timed out. (read timeout=12) (attempt 3) for https://www.gamigion.com/rolling-rv-offers-in-fish-of-fortune
2025-12-12 16:42:42,275 WARNING Request error HTTPSConnectionPool(host='www.gamigion.com', port=443): Read timed out. (read timeout=12) (attempt 1) for https://www.gamigion.com/take-note-casual-game-developers
2025-12-12 16:42:42,551 WARNING Request error HTTPSConnectionPool(host='www.gamigion.com', port=443): Read timed out. (read timeout=12) (attempt 1) for https://www.gamigion.com/chum-chum-by-big-fish-games-super-cute-match-3-blast
2025-12-12 16:42:44,254 WARNING Request error HTTPSConnectionPool(host='www.gamigion.com', port=443): Read timed out. (read timeout=12) (attempt 1) for https://www.gamigion.com/interesting-offer-in-tile-busters-buying-new-avatars
2025-12-12 16:42:44,805 ERROR Giving up on https://www.gamigion.com/rolling-rv-offers-in-fish-of-fortune after 3 attempts
2025-12-12 16:42:44,805 INFO No html for https://www.gamigion.com/rolling-rv-offers-in-fish-of-fortune
2025-12-12 16:42:44,805 INFO Skipped/failed: https://www.gamigion.com/rolling-rv-offers-in-fish-of-fortune
2025-12-12 16:42:47,084 WARNING Request error HTTPSConnectionPool(host='www.gamigion.com', port=443): Read timed out. (read timeout=12) (attempt 1) for https://www.gamigion.com/happy-halloween-to-all-my-us-readers
2025-12-12 16:42:48,313 WARNING Request error HTTPSConnectionPool(host='www.gamigion.com', port=443): Read timed out. (read timeout=12) (attempt 1) for https://www.gamigion.com/monetizing-live-ops-events-exploring-key-examples-2
2025-12-12 16:42:49,370 WARNING Request error HTTPSConnectionPool(host='www.gamigion.com', port=443): Read timed out. (read timeout=12) (attempt 1) for https://www.gamigion.com/royal-match-dragon-nest-event
2025-12-12 16:42:55,127 INFO Saved: https://www.gamigion.com/boost-your-team-boost-your-game -> 162_Boost Your Team Boost Your Game.md
2025-12-12 16:42:56,121 INFO Saved: https://www.gamigion.com/monetizing-live-ops-events-exploring-key-examples-2 -> 158_Monetizing Live-Ops Events Exploring Key Examples.md
2025-12-12 16:42:56,517 WARNING Request error HTTPSConnectionPool(host='www.gamigion.com', port=443): Read timed out. (read timeout=12) (attempt 2) for https://www.gamigion.com/chum-chum-by-big-fish-games-super-cute-match-3-blast
2025-12-12 16:43:00,697 INFO Saved: https://www.gamigion.com/chum-chum-by-big-fish-games-super-cute-match-3-blast -> 156_Chum Chum by Big Fish Games Super Cute Match-3 Blast.md
2025-12-12 16:43:00,729 WARNING Request error HTTPSConnectionPool(host='www.gamigion.com', port=443): Read timed out. (read timeout=12) (attempt 2) for https://www.gamigion.com/happy-halloween-to-all-my-us-readers
2025-12-12 16:43:03,085 WARNING Request error HTTPSConnectionPool(host='www.gamigion.com', port=443): Read timed out. (read timeout=12) (attempt 2) for https://www.gamigion.com/royal-match-dragon-nest-event
2025-12-12 16:43:03,239 INFO Saved: https://www.gamigion.com/author/kopelovich/page/12 -> 166_Nostalgia The Appeal of Card Albums in Mobile Games.md
2025-12-12 16:43:04,737 INFO Saved: https://www.gamigion.com/happy-halloween-to-all-my-us-readers -> 157_Happy Halloween to all my US readers.md
2025-12-12 16:43:05,565 INFO Saved: https://www.gamigion.com/take-note-casual-game-developers -> 160_Take note casual game developers.md
2025-12-12 16:43:07,565 INFO Saved: https://www.gamigion.com/interesting-offer-in-tile-busters-buying-new-avatars -> 161_Interesting offer in Tile Busters Buying New Avatars.md
2025-12-12 16:43:10,415 INFO Saved: https://www.gamigion.com/fun-mechanic-in-dice-dreams-piggy-wheel -> 163_Fun mechanic in Dice Dreams Piggy Wheel.md
2025-12-12 16:43:12,175 INFO Saved: https://www.gamigion.com/gossip-harbor-by-microfun -> 164_Gossip Harbor by Microfun.md
2025-12-12 16:43:17,024 WARNING Request error HTTPSConnectionPool(host='www.gamigion.com', port=443): Read timed out. (read timeout=12) (attempt 3) for https://www.gamigion.com/royal-match-dragon-nest-event
2025-12-12 16:43:17,428 WARNING Request error HTTPSConnectionPool(host='www.gamigion.com', port=443): Read timed out. (read timeout=12) (attempt 1) for https://www.gamigion.com/awesome-ad-for-solitaire-grand-harvest-by-playtika
2025-12-12 16:43:19,585 ERROR Giving up on https://www.gamigion.com/royal-match-dragon-nest-event after 3 attempts
2025-12-12 16:43:19,585 INFO No html for https://www.gamigion.com/royal-match-dragon-nest-event
2025-12-12 16:43:19,586 INFO Skipped/failed: https://www.gamigion.com/royal-match-dragon-nest-event
2025-12-12 16:43:19,606 WARNING Request error HTTPSConnectionPool(host='www.gamigion.com', port=443): Read timed out. (read timeout=12) (attempt 1) for https://www.gamigion.com/pin-out-master-hamster-kombat
2025-12-12 16:43:20,047 INFO Saved: https://www.gamigion.com/wp-login.php?redirect_to=https%3A%2F%2Fwww.gamigion.com%2Fsuper-cool-event-in-twisted-tangle-by-rollic-games%2F&action=register -> 167_untitled.md
2025-12-12 16:43:26,309 INFO Saved: https://www.gamigion.com/interesting-approach-in-unpuzzle-by-hypercell -> 169_Interesting approach in Unpuzzle by HYPERCELL.md
2025-12-12 16:43:26,789 INFO Saved: https://www.gamigion.com/nostalgia-the-appeal-of-card-albums-in-mobile-games -> 168_Nostalgia The Appeal of Card Albums in Mobile Games.md
2025-12-12 16:43:30,966 INFO Saved: https://www.gamigion.com/awesome-ad-for-solitaire-grand-harvest-by-playtika -> 165_Awesome ad for Solitaire Grand Harvest by Playtika.md
2025-12-12 16:43:33,292 WARNING Request error HTTPSConnectionPool(host='www.gamigion.com', port=443): Read timed out. (read timeout=12) (attempt 2) for https://www.gamigion.com/pin-out-master-hamster-kombat
2025-12-12 16:43:34,015 WARNING Request error HTTPSConnectionPool(host='www.gamigion.com', port=443): Read timed out. (read timeout=12) (attempt 1) for https://www.gamigion.com/chest-opening-animation-in-royal-match
2025-12-12 16:43:34,833 INFO Saved: https://www.gamigion.com/legend-of-mushrooms-community-building-on-discord -> 172_Legend of Mushrooms Community Building on Discord.md
2025-12-12 16:43:37,001 INFO Saved: https://www.gamigion.com/pin-out-master-hamster-kombat -> 170_Pin Out Master  Hamster Kombat.md
2025-12-12 16:43:40,920 WARNING Request error HTTPSConnectionPool(host='www.gamigion.com', port=443): Read timed out. (read timeout=12) (attempt 1) for https://www.gamigion.com/monetizing-live-ops-events-exploring-key-examples
2025-12-12 16:43:41,035 INFO Saved: https://www.gamigion.com/fish-of-fortune-by-whalo -> 173_Fish of Fortune by Whalo.md
2025-12-12 16:43:42,744 INFO Saved: https://www.gamigion.com/author/kopelovich/page/13 -> 180_Loving This Offer Design in Seaside Escape.md
2025-12-12 16:43:44,198 INFO Saved: https://www.gamigion.com/voodoo-x-hasbro-collab-is-back-in-mob-control -> 175_Voodoo x Hasbro Collab is Back in Mob Control.md
2025-12-12 16:43:44,653 INFO Saved: https://www.gamigion.com/monetizing-live-ops-events-exploring-key-examples -> 174_Monetizing Live-Ops Events Exploring Key Examples.md
2025-12-12 16:43:47,694 INFO Saved: https://www.gamigion.com/unpacking-the-lava-quest-live-ops-event-in-mobile-games -> 176_Unpacking the Lava Quest Live-Ops Event in Mobile Games.md
2025-12-12 16:43:47,816 WARNING Request error HTTPSConnectionPool(host='www.gamigion.com', port=443): Read timed out. (read timeout=12) (attempt 2) for https://www.gamigion.com/chest-opening-animation-in-royal-match
2025-12-12 16:43:50,407 INFO Saved: https://www.gamigion.com/%f0%9f%8d%ac-sweet-success -> 177_Sweet Success.md
2025-12-12 16:43:56,208 WARNING Request error HTTPSConnectionPool(host='www.gamigion.com', port=443): Read timed out. (read timeout=12) (attempt 1) for https://www.gamigion.com/loving-this-offer-design-in-seaside-escape
2025-12-12 16:43:56,347 WARNING Request error HTTPSConnectionPool(host='www.gamigion.com', port=443): Read timed out. (read timeout=12) (attempt 1) for https://www.gamigion.com/monopoly-go-x-marvel-collab-launches-this-week
2025-12-12 16:43:57,613 INFO Saved: https://www.gamigion.com/power-of-partnerships-mobile-gaming-collaborations-6 -> 179_Power of Partnerships Mobile Gaming Collaborations 6.md
2025-12-12 16:43:59,688 INFO Saved: https://www.gamigion.com/monopoly-go-x-marvel-collab-launches-this-week -> 178_MONOPOLY GO x Marvel Collab Launches THIS WEEK.md
2025-12-12 16:44:02,418 WARNING Request error HTTPSConnectionPool(host='www.gamigion.com', port=443): Read timed out. (read timeout=12) (attempt 1) for https://www.gamigion.com/cool-invite-reward-system-in-office-cat
2025-12-12 16:44:02,890 WARNING Request error HTTPSConnectionPool(host='www.gamigion.com', port=443): Read timed out. (read timeout=12) (attempt 3) for https://www.gamigion.com/chest-opening-animation-in-royal-match
2025-12-12 16:44:03,425 INFO Saved: https://www.gamigion.com/wp-login.php?redirect_to=https%3A%2F%2Fwww.gamigion.com%2Fnostalgia-the-appeal-of-card-albums-in-mobile-games%2F&action=register -> 181_untitled.md
2025-12-12 16:44:05,452 ERROR Giving up on https://www.gamigion.com/chest-opening-animation-in-royal-match after 3 attempts
2025-12-12 16:44:05,452 INFO No html for https://www.gamigion.com/chest-opening-animation-in-royal-match
2025-12-12 16:44:05,452 INFO Skipped/failed: https://www.gamigion.com/chest-opening-animation-in-royal-match
2025-12-12 16:44:05,836 INFO Saved: https://www.gamigion.com/interesting-monetization-strategy-for-event-progression -> 183_Interesting Monetization Strategy for Event Progression.md
2025-12-12 16:44:08,263 WARNING Request error HTTPSConnectionPool(host='www.gamigion.com', port=443): Read timed out. (read timeout=12) (attempt 1) for https://www.gamigion.com/monetization-insight-from-toon-blast
2025-12-12 16:44:09,629 WARNING Request error HTTPSConnectionPool(host='www.gamigion.com', port=443): Read timed out. (read timeout=12) (attempt 1) for https://www.gamigion.com/hey-look-a-cool-design-%f0%9f%8e%a8
2025-12-12 16:44:11,136 WARNING Request error HTTPSConnectionPool(host='www.gamigion.com', port=443): Read timed out. (read timeout=12) (attempt 2) for https://www.gamigion.com/loving-this-offer-design-in-seaside-escape
2025-12-12 16:44:13,936 INFO Saved: https://www.gamigion.com/cool-invite-reward-system-in-office-cat -> 185_Cool invite reward system in Office Cat.md
2025-12-12 16:44:17,845 WARNING Request error HTTPSConnectionPool(host='www.gamigion.com', port=443): Read timed out. (read timeout=12) (attempt 1) for https://www.gamigion.com/how-race-events-drive-engagement-in-mobile-games
2025-12-12 16:44:18,179 WARNING Request error HTTPSConnectionPool(host='www.gamigion.com', port=443): Read timed out. (read timeout=12) (attempt 1) for https://www.gamigion.com/gun-dungeons-innovative-reward-boost
2025-12-12 16:44:21,924 WARNING Request error HTTPSConnectionPool(host='www.gamigion.com', port=443): Read timed out. (read timeout=12) (attempt 1) for https://www.gamigion.com/boosting-your-fun-in-royal-match
2025-12-12 16:44:22,482 WARNING Request error HTTPSConnectionPool(host='www.gamigion.com', port=443): Read timed out. (read timeout=12) (attempt 1) for https://www.gamigion.com/something-cool-i-found-in-raid-rush
2025-12-12 16:44:23,674 INFO Saved: https://www.gamigion.com/monetization-insight-from-toon-blast -> 184_Monetization Insight from Toon Blast.md
2025-12-12 16:44:23,674 INFO Saved: https://www.gamigion.com/hey-look-a-cool-design-%f0%9f%8e%a8 -> 186_Hey Look A Cool Design.md
2025-12-12 16:44:24,596 INFO Saved: https://www.gamigion.com/something-cool-i-found-in-raid-rush -> 188_Something Cool I Found in Raid Rush.md
2025-12-12 16:44:25,448 INFO Saved: https://www.gamigion.com/author/kopelovich/page/14 -> 194_Top Mobile Game Picks of the Week.md
2025-12-12 16:44:25,809 WARNING Request error HTTPSConnectionPool(host='www.gamigion.com', port=443): Read timed out. (read timeout=12) (attempt 3) for https://www.gamigion.com/loving-this-offer-design-in-seaside-escape
2025-12-12 16:44:25,950 WARNING Request error HTTPSConnectionPool(host='www.gamigion.com', port=443): Read timed out. (read timeout=12) (attempt 1) for https://www.gamigion.com/innovative-scrolling-offers-in-coin-master
2025-12-12 16:44:28,371 ERROR Giving up on https://www.gamigion.com/loving-this-offer-design-in-seaside-escape after 3 attempts
2025-12-12 16:44:28,371 INFO No html for https://www.gamigion.com/loving-this-offer-design-in-seaside-escape
2025-12-12 16:44:28,373 INFO Skipped/failed: https://www.gamigion.com/loving-this-offer-design-in-seaside-escape
2025-12-12 16:44:33,984 INFO Saved: https://www.gamigion.com/boosting-your-fun-in-royal-match -> 187_Boosting Your Fun in Royal Match.md
2025-12-12 16:44:37,493 INFO Saved: https://www.gamigion.com/how-race-events-drive-engagement-in-mobile-games -> 190_How Race Events Drive Engagement in Mobile Games.md
2025-12-12 16:44:39,366 WARNING Request error HTTPSConnectionPool(host='www.gamigion.com', port=443): Read timed out. (read timeout=12) (attempt 2) for https://www.gamigion.com/innovative-scrolling-offers-in-coin-master
2025-12-12 16:44:41,225 INFO Saved: https://www.gamigion.com/hole-io-smart-ad-breaks-with-rewards -> 193_Holeio Smart Ad Breaks With Rewards.md
2025-12-12 16:44:41,491 WARNING Request error HTTPSConnectionPool(host='www.gamigion.com', port=443): Read timed out. (read timeout=12) (attempt 2) for https://www.gamigion.com/gun-dungeons-innovative-reward-boost
2025-12-12 16:44:43,717 INFO Saved: https://www.gamigion.com/adventure-island-merge-mysterious-gift -> 192_Adventure Island Merge Mysterious Gift.md
2025-12-12 16:44:46,309 INFO Saved: https://www.gamigion.com/wp-login.php?redirect_to=https%3A%2F%2Fwww.gamigion.com%2Floving-this-offer-design-in-seaside-escape%2F&action=register -> 195_untitled.md
2025-12-12 16:44:49,514 WARNING Request error HTTPSConnectionPool(host='www.gamigion.com', port=443): Read timed out. (read timeout=12) (attempt 1) for https://www.gamigion.com/trending-live-ops-events-team-up-for-rewards
2025-12-12 16:44:49,892 INFO Saved: https://www.gamigion.com/top-mobile-game-picks-of-the-week -> 196_Top Mobile Game Picks of the Week.md
2025-12-12 16:44:53,728 WARNING Request error HTTPSConnectionPool(host='www.gamigion.com', port=443): Read timed out. (read timeout=12) (attempt 3) for https://www.gamigion.com/innovative-scrolling-offers-in-coin-master
2025-12-12 16:44:55,737 WARNING Request error HTTPSConnectionPool(host='www.gamigion.com', port=443): Read timed out. (read timeout=12) (attempt 1) for https://www.gamigion.com/boosting-engagement-with-cumulative-rewards
2025-12-12 16:44:56,290 ERROR Giving up on https://www.gamigion.com/innovative-scrolling-offers-in-coin-master after 3 attempts
2025-12-12 16:44:56,290 INFO No html for https://www.gamigion.com/innovative-scrolling-offers-in-coin-master
2025-12-12 16:44:56,290 INFO Skipped/failed: https://www.gamigion.com/innovative-scrolling-offers-in-coin-master
2025-12-12 16:44:57,886 WARNING Request error HTTPSConnectionPool(host='www.gamigion.com', port=443): Read timed out. (read timeout=12) (attempt 1) for https://www.gamigion.com/hard-levels-animation-from-twisted-tangle
2025-12-12 16:44:58,318 WARNING Request error HTTPSConnectionPool(host='www.gamigion.com', port=443): Read timed out. (read timeout=12) (attempt 3) for https://www.gamigion.com/gun-dungeons-innovative-reward-boost
2025-12-12 16:44:58,318 WARNING Request error HTTPSConnectionPool(host='www.gamigion.com', port=443): Read timed out. (read timeout=12) (attempt 1) for https://www.gamigion.com/trending-live-ops-events-choose-your-reward
2025-12-12 16:45:00,879 ERROR Giving up on https://www.gamigion.com/gun-dungeons-innovative-reward-boost after 3 attempts
2025-12-12 16:45:00,879 INFO No html for https://www.gamigion.com/gun-dungeons-innovative-reward-boost
2025-12-12 16:45:00,879 INFO Skipped/failed: https://www.gamigion.com/gun-dungeons-innovative-reward-boost
2025-12-12 16:45:01,900 WARNING Request error HTTPSConnectionPool(host='www.gamigion.com', port=443): Read timed out. (read timeout=12) (attempt 1) for https://www.gamigion.com/effective-phone-connect-funnel-by-coin-master
2025-12-12 16:45:05,097 WARNING Request error HTTPSConnectionPool(host='www.gamigion.com', port=443): Read timed out. (read timeout=12) (attempt 1) for https://www.gamigion.com/the-power-of-partnership-the-new-frontier-in-mobile-gaming-collaborations
2025-12-12 16:45:08,949 WARNING Request error HTTPSConnectionPool(host='www.gamigion.com', port=443): Read timed out. (read timeout=12) (attempt 1) for https://www.gamigion.com/royal-match-monetization-at-the-point-of-failure
2025-12-12 16:45:10,605 WARNING Request error HTTPSConnectionPool(host='www.gamigion.com', port=443): Read timed out. (read timeout=12) (attempt 2) for https://www.gamigion.com/boosting-engagement-with-cumulative-rewards
2025-12-12 16:45:13,264 WARNING Request error HTTPSConnectionPool(host='www.gamigion.com', port=443): Read timed out. (read timeout=12) (attempt 1) for https://www.gamigion.com/the-power-of-3-day-offers-in-mobile-games
2025-12-12 16:45:13,370 WARNING Request error HTTPSConnectionPool(host='www.gamigion.com', port=443): Read timed out. (read timeout=12) (attempt 2) for https://www.gamigion.com/hard-levels-animation-from-twisted-tangle
2025-12-12 16:45:15,521 WARNING Request error HTTPSConnectionPool(host='www.gamigion.com', port=443): Read timed out. (read timeout=12) (attempt 2) for https://www.gamigion.com/trending-live-ops-events-team-up-for-rewards
2025-12-12 16:45:15,620 WARNING Request error HTTPSConnectionPool(host='www.gamigion.com', port=443): Read timed out. (read timeout=12) (attempt 2) for https://www.gamigion.com/effective-phone-connect-funnel-by-coin-master
2025-12-12 16:45:18,817 WARNING Request error HTTPSConnectionPool(host='www.gamigion.com', port=443): Read timed out. (read timeout=12) (attempt 2) for https://www.gamigion.com/the-power-of-partnership-the-new-frontier-in-mobile-gaming-collaborations
2025-12-12 16:45:22,792 INFO Saved: https://www.gamigion.com/trending-live-ops-events-choose-your-reward -> 201_Trending Live-Ops Events Choose Your Reward.md
2025-12-12 16:45:23,662 WARNING Request error HTTPSConnectionPool(host='www.gamigion.com', port=443): Read timed out. (read timeout=12) (attempt 2) for https://www.gamigion.com/royal-match-monetization-at-the-point-of-failure
2025-12-12 16:45:26,611 INFO Saved: https://www.gamigion.com/royal-match-monetization-at-the-point-of-failure -> 203_Royal Match Monetization at the Point of Failure.md
2025-12-12 16:45:26,704 INFO Saved: https://www.gamigion.com/hard-levels-animation-from-twisted-tangle -> 197_Hard Levels Animation from Twisted Tangle.md
2025-12-12 16:45:30,508 INFO Saved: https://www.gamigion.com/effective-phone-connect-funnel-by-coin-master -> 202_Effective Phone Connect Funnel by Coin Master.md
2025-12-12 16:45:30,551 WARNING Request error HTTPSConnectionPool(host='www.gamigion.com', port=443): Read timed out. (read timeout=12) (attempt 3) for https://www.gamigion.com/trending-live-ops-events-team-up-for-rewards
2025-12-12 16:45:30,802 WARNING Request error HTTPSConnectionPool(host='www.gamigion.com', port=443): Read timed out. (read timeout=12) (attempt 3) for https://www.gamigion.com/boosting-engagement-with-cumulative-rewards
2025-12-12 16:45:33,113 ERROR Giving up on https://www.gamigion.com/trending-live-ops-events-team-up-for-rewards after 3 attempts
2025-12-12 16:45:33,113 INFO No html for https://www.gamigion.com/trending-live-ops-events-team-up-for-rewards
2025-12-12 16:45:33,113 INFO Skipped/failed: https://www.gamigion.com/trending-live-ops-events-team-up-for-rewards
2025-12-12 16:45:33,293 WARNING Request error HTTPSConnectionPool(host='www.gamigion.com', port=443): Read timed out. (read timeout=12) (attempt 3) for https://www.gamigion.com/the-power-of-partnership-the-new-frontier-in-mobile-gaming-collaborations
2025-12-12 16:45:33,364 ERROR Giving up on https://www.gamigion.com/boosting-engagement-with-cumulative-rewards after 3 attempts
2025-12-12 16:45:33,364 INFO No html for https://www.gamigion.com/boosting-engagement-with-cumulative-rewards
2025-12-12 16:45:33,364 INFO Skipped/failed: https://www.gamigion.com/boosting-engagement-with-cumulative-rewards
2025-12-12 16:45:34,084 INFO Saved: https://www.gamigion.com/the-power-of-3-day-offers-in-mobile-games -> 204_The Power of 3-Day Offers in Mobile Games.md
2025-12-12 16:45:34,432 INFO Saved: https://www.gamigion.com/author/kopelovich/page/15 -> 208_Monetization Review Cup Heroes by Voodoo.md
2025-12-12 16:45:35,854 ERROR Giving up on https://www.gamigion.com/the-power-of-partnership-the-new-frontier-in-mobile-gaming-collaborations after 3 attempts
2025-12-12 16:45:35,854 INFO No html for https://www.gamigion.com/the-power-of-partnership-the-new-frontier-in-mobile-gaming-collaborations
2025-12-12 16:45:35,854 INFO Skipped/failed: https://www.gamigion.com/the-power-of-partnership-the-new-frontier-in-mobile-gaming-collaborations
2025-12-12 16:45:42,883 INFO Saved: https://www.gamigion.com/cross-promotion-done-right-in-seaside-escape -> 205_Cross-Promotion Done Right in Seaside Escape.md
2025-12-12 16:45:43,433 INFO Saved: https://www.gamigion.com/black-friday-deals-on-mobile-games -> 207_Black Friday Deals on Mobile Games.md
2025-12-12 16:45:46,001 INFO Saved: https://www.gamigion.com/trending-live-ops-events-grid-scavenger-hunt -> 206_Trending Live-Ops Events Grid Scavenger Hunt.md
2025-12-12 16:45:49,660 WARNING Request error HTTPSConnectionPool(host='www.gamigion.com', port=443): Read timed out. (read timeout=12) (attempt 1) for https://www.gamigion.com/wp-login.php?redirect_to=https%3A%2F%2Fwww.gamigion.com%2Fmonetization-review-cup-heroes-by-voodoo%2F&action=register
2025-12-12 16:45:51,359 INFO Saved: https://www.gamigion.com/trending-game-mechanics-of-2024-pioneering-innovation-in-mobile-gaming -> 212_Trending Game Mechanics of 2024 Innovation in Mobile Gaming.md
2025-12-12 16:45:54,020 WARNING Request error HTTPSConnectionPool(host='www.gamigion.com', port=443): Read timed out. (read timeout=12) (attempt 1) for https://www.gamigion.com/monetization-review-cup-heroes-by-voodoo
2025-12-12 16:45:54,928 WARNING Request error HTTPSConnectionPool(host='www.gamigion.com', port=443): Read timed out. (read timeout=12) (attempt 1) for https://www.gamigion.com/engaging-players-with-milestone-based-live-ops-events
2025-12-12 16:45:55,044 INFO Saved: https://www.gamigion.com/wp-login.php?redirect_to=https%3A%2F%2Fwww.gamigion.com%2Ftop-mobile-game-picks-of-the-week%2F&action=register -> 209_untitled.md
2025-12-12 16:45:55,969 INFO Saved: https://www.gamigion.com/monetization-review-cup-heroes-by-voodoo -> 210_Monetization Review Cup Heroes by Voodoo.md
2025-12-12 16:45:56,863 INFO Saved: https://www.gamigion.com/engaging-players-with-milestone-based-live-ops-events -> 211_Engaging Players with Milestone-Based Live Ops Events.md
2025-12-12 16:46:01,936 INFO Saved: https://www.gamigion.com/wp-login.php?redirect_to=https%3A%2F%2Fwww.gamigion.com%2Fmonetization-review-cup-heroes-by-voodoo%2F&action=register -> 213_untitled.md
2025-12-12 16:46:02,942 INFO === SCRAPING SergeiVasiuk ===
2025-12-12 16:46:03,795 INFO Page https://www.gamigion.com/author/sergeivasiuk -> 27 links
2025-12-12 16:46:04,654 INFO Page https://www.gamigion.com/author/sergeivasiuk/page/2/ -> 28 links
2025-12-12 16:46:05,327 INFO Page https://www.gamigion.com/author/sergeivasiuk/page/3/ -> 28 links
2025-12-12 16:46:05,727 INFO Page https://www.gamigion.com/author/sergeivasiuk/page/4/ -> 28 links
2025-12-12 16:46:06,464 INFO Page https://www.gamigion.com/author/sergeivasiuk/page/5/ -> 22 links
2025-12-12 16:46:06,497 INFO SergeiVasiuk: FOUND 77 article links
2025-12-12 16:46:07,211 INFO Unchanged: https://www.gamigion.com/journal
2025-12-12 16:46:07,455 INFO Unchanged: https://www.gamigion.com/category/events
2025-12-12 16:46:07,574 INFO Saved: https://www.gamigion.com/author/sergeivasiuk -> 006_Every Great Game is a FIGHT.md
2025-12-12 16:46:07,618 INFO Unchanged: https://www.gamigion.com/category/analysis
2025-12-12 16:46:07,785 INFO Unchanged: https://www.gamigion.com/games-radar
2025-12-12 16:46:07,806 INFO Unchanged: https://www.gamigion.com/reports
2025-12-12 16:46:07,933 INFO Unchanged: https://www.gamigion.com/category/game-radar
2025-12-12 16:46:08,051 INFO Saved: https://www.gamigion.com/about -> 005_Whos there - Gamigion Mobile Games Industry News.md
2025-12-12 16:46:08,263 INFO Unchanged: https://www.gamigion.com/category/reports
2025-12-12 16:46:08,267 INFO Unchanged: https://www.gamigion.com/category/highlights
2025-12-12 16:46:08,309 INFO Unchanged: https://www.gamigion.com/category/journal
2025-12-12 16:46:08,359 INFO Unchanged: https://www.gamigion.com/events
2025-12-12 16:46:24,206 INFO Saved: https://www.gamigion.com/indian-gaming-industry-surge -> 015_Indian Gaming Industry Surge.md
2025-12-12 16:46:24,706 INFO Saved: https://www.gamigion.com/solo-dev-is-tough-hello-head-of-everything -> 014_Solo Dev is tough hello Head of Everything.md
2025-12-12 16:46:24,954 INFO Saved: https://www.gamigion.com/8-things-games-do-better-than-any-art -> 017_8 Things Games Do Better Than Any Art.md
2025-12-12 16:46:25,114 INFO Saved: https://www.gamigion.com/every-great-game-is-a-fight -> 013_Every Great Game is a FIGHT.md
2025-12-12 16:46:25,605 INFO Saved: https://www.gamigion.com/how-to-get-10-game-ideas-in-under-2-min -> 016_How to get 10 game ideas in under 2 min.md
2025-12-12 16:46:25,866 INFO Saved: https://www.gamigion.com/20-metrics-game-devs-must-track -> 018_20 Metrics Game Devs Must Track.md
2025-12-12 16:46:27,809 INFO Saved: https://www.gamigion.com/author/sergeivasiuk/page/2 -> 025_5 Game Systems to Make Your Game Stick.md
2025-12-12 16:46:27,963 WARNING Request error HTTPSConnectionPool(host='www.gamigion.com', port=443): Read timed out. (read timeout=12) (attempt 1) for https://www.gamigion.com/keep-your-live-ops-game-healthy
2025-12-12 16:46:28,059 WARNING Request error HTTPSConnectionPool(host='www.gamigion.com', port=443): Read timed out. (read timeout=12) (attempt 1) for https://www.gamigion.com/the-80-to-20-rule-in-game-dev-design
2025-12-12 16:46:39,222 INFO Unchanged: https://www.gamigion.com/wp-login.php?action=lostpassword
2025-12-12 16:46:40,126 INFO Saved: https://www.gamigion.com/the-80-to-20-rule-in-game-dev-design -> 019_The 80 to 20 Rule in Game Dev  Design.md
2025-12-12 16:46:41,824 INFO Saved: https://www.gamigion.com/keep-your-live-ops-game-healthy -> 020_Keep Your Live Ops Game Healthy.md
2025-12-12 16:46:41,825 INFO Saved: https://www.gamigion.com/game-development-isnt-just-about-coding -> 021_Game development isnt just about coding.md
2025-12-12 16:46:42,865 INFO Saved: https://www.gamigion.com/20-metrics-all-game-devs-should-hold-close-2 -> 022_20 metrics all game devs should hold close.md
2025-12-12 16:46:44,584 WARNING Request error HTTPSConnectionPool(host='www.gamigion.com', port=443): Read timed out. (read timeout=12) (attempt 1) for https://www.gamigion.com/90-of-games-fail-at-monetization
2025-12-12 16:46:44,821 WARNING Request error HTTPSConnectionPool(host='www.gamigion.com', port=443): Read timed out. (read timeout=12) (attempt 1) for https://www.gamigion.com/the-gaming-industry-is-not-what-you-think
2025-12-12 16:46:47,089 WARNING Request error HTTPSConnectionPool(host='www.gamigion.com', port=443): Read timed out. (read timeout=12) (attempt 1) for https://www.gamigion.com/wp-login.php?redirect_to=https%3A%2F%2Fwww.gamigion.com%2Fevery-great-game-is-a-fight%2F&action=register
2025-12-12 16:46:47,317 INFO Saved: https://www.gamigion.com/90-of-games-fail-at-monetization -> 023_90 of Games Fail at Monetization.md
2025-12-12 16:46:56,890 INFO Saved: https://www.gamigion.com/the-gaming-industry-is-not-what-you-think -> 024_The gaming industry is NOT what you think.md
2025-12-12 16:46:56,895 INFO Saved: https://www.gamigion.com/5-game-systems-to-make-your-game-stick -> 028_5 Game Systems to Make Your Game Stick.md
2025-12-12 16:46:59,458 INFO Saved: https://www.gamigion.com/gaming-factory-professions -> 031_Gaming Factory Professions.md
2025-12-12 16:47:01,712 INFO Saved: https://www.gamigion.com/9-traps-that-kill-your-game -> 029_9 Traps That Kill Your Game.md
2025-12-12 16:47:02,290 INFO Saved: https://www.gamigion.com/how-games-manipulate-emotions -> 030_How Games Manipulate Emotions.md
2025-12-12 16:47:02,795 INFO Saved: https://www.gamigion.com/wp-login.php?redirect_to=https%3A%2F%2Fwww.gamigion.com%2Fevery-great-game-is-a-fight%2F&action=register -> 026_untitled.md
2025-12-12 16:47:03,802 INFO Saved: https://www.gamigion.com/musk-gaming -> 032_Musk  Gaming.md
2025-12-12 16:47:04,712 INFO Saved: https://www.gamigion.com/author/sergeivasiuk/page/3 -> 040_Boosting Retention in Your Game.md
2025-12-12 16:47:05,240 INFO Saved: https://www.gamigion.com/how-to-design-your-player-journey-map -> 033_How to design your player journey map.md
2025-12-12 16:47:12,762 INFO Saved: https://www.gamigion.com/are-you-interested-in-game-development -> 035_Are you interested in Game Development.md
2025-12-12 16:47:13,197 INFO Saved: https://www.gamigion.com/mistakes-new-game-devs-make -> 034_Mistakes New Game Devs Make.md
2025-12-12 16:47:16,526 INFO Saved: https://www.gamigion.com/craft-your-own-masters-degree-in-game-publishing -> 036_Craft your own Masters Degree in Game Publishing.md
2025-12-12 16:47:17,318 INFO Saved: https://www.gamigion.com/control-your-career-game -> 037_Control Your Career Game.md
2025-12-12 16:47:18,673 INFO Saved: https://www.gamigion.com/whats-the-supreme-boss-level-in-game-dev -> 039_Whats the supreme boss level in Game Dev.md
2025-12-12 16:47:19,301 INFO Saved: https://www.gamigion.com/great-games-know-this-key-to-players-needs-2 -> 038_Great games know this key to players needs.md
2025-12-12 16:47:20,741 INFO Saved: https://www.gamigion.com/wp-login.php?redirect_to=https%3A%2F%2Fwww.gamigion.com%2F5-game-systems-to-make-your-game-stick%2F&action=register -> 041_untitled.md
2025-12-12 16:47:26,633 INFO Saved: https://www.gamigion.com/boosting-retention-in-your-game -> 042_Boosting Retention in Your Game.md
2025-12-12 16:47:29,136 INFO Saved: https://www.gamigion.com/whats-the-biggest-delusion-in-game-dev -> 043_Whats the biggest delusion in Game Dev.md
2025-12-12 16:47:33,910 WARNING Request error HTTPSConnectionPool(host='www.gamigion.com', port=443): Read timed out. (read timeout=12) (attempt 1) for https://www.gamigion.com/linkedin-expands-its-puzzle-lineup-w-tango
2025-12-12 16:47:36,208 INFO Saved: https://www.gamigion.com/10-advice-to-ruin-your-game -> 045_10 Advice to Ruin Your Game.md
2025-12-12 16:47:36,997 INFO Saved: https://www.gamigion.com/what-to-keep-your-game-fresh -> 046_How to keep your game fresh.md
2025-12-12 16:47:37,518 INFO Saved: https://www.gamigion.com/think-the-gaming-industry-is-just-for-nerds -> 048_Think the gaming industry is just for nerds.md
2025-12-12 16:47:37,781 INFO Saved: https://www.gamigion.com/want-to-start-your-career-in-game-dev -> 047_Want to start your career in Game Dev.md
2025-12-12 16:47:39,057 INFO Saved: https://www.gamigion.com/author/sergeivasiuk/page/4 -> 054_What does the Gaming Industry need most right now.md
2025-12-12 16:47:39,659 INFO Saved: https://www.gamigion.com/linkedin-expands-its-puzzle-lineup-w-tango -> 044_LinkedIn expands its puzzle lineup w Tango.md
2025-12-12 16:47:40,633 INFO Saved: https://www.gamigion.com/im-44-and-i-joined-it-in-my-3rd-year-at-university -> 049_Im 44 and I joined IT in my 3rd year at university.md
2025-12-12 16:47:45,819 INFO Saved: https://www.gamigion.com/know-the-70-20-10-rule -> 050_Know the 702010 rule.md
2025-12-12 16:47:51,665 WARNING Request error HTTPSConnectionPool(host='www.gamigion.com', port=443): Read timed out. (read timeout=12) (attempt 1) for https://www.gamigion.com/10-ways-players-spot-bad-games
2025-12-12 16:47:51,859 WARNING Request error HTTPSConnectionPool(host='www.gamigion.com', port=443): Read timed out. (read timeout=12) (attempt 1) for https://www.gamigion.com/new-game-dev-reality-check
2025-12-12 16:47:52,640 WARNING Request error HTTPSConnectionPool(host='www.gamigion.com', port=443): Read timed out. (read timeout=12) (attempt 1) for https://www.gamigion.com/how-is-the-gaming-entertainment-curve
2025-12-12 16:47:56,058 WARNING Request error HTTPSConnectionPool(host='www.gamigion.com', port=443): Read timed out. (read timeout=12) (attempt 1) for https://www.gamigion.com/which-ad-format-fits-gaming
2025-12-12 16:47:57,287 WARNING Request error HTTPSConnectionPool(host='www.gamigion.com', port=443): Read timed out. (read timeout=12) (attempt 1) for https://www.gamigion.com/starting-your-journey-as-a-game-developer
2025-12-12 16:47:57,834 WARNING Request error HTTPSConnectionPool(host='www.gamigion.com', port=443): Read timed out. (read timeout=12) (attempt 1) for https://www.gamigion.com/50-of-baby-boomers-are-playing-games
2025-12-12 16:47:58,189 WARNING Request error HTTPSConnectionPool(host='www.gamigion.com', port=443): Read timed out. (read timeout=12) (attempt 1) for https://www.gamigion.com/wp-login.php?redirect_to=https%3A%2F%2Fwww.gamigion.com%2Fboosting-retention-in-your-game%2F&action=register
2025-12-12 16:47:58,804 WARNING Request error HTTPSConnectionPool(host='www.gamigion.com', port=443): Read timed out. (read timeout=12) (attempt 1) for https://www.gamigion.com/what-does-the-gaming-industry-need-most-right-now
2025-12-12 16:48:05,296 WARNING Request error HTTPSConnectionPool(host='www.gamigion.com', port=443): Read timed out. (read timeout=12) (attempt 2) for https://www.gamigion.com/10-ways-players-spot-bad-games
2025-12-12 16:48:05,456 WARNING Request error HTTPSConnectionPool(host='www.gamigion.com', port=443): Read timed out. (read timeout=12) (attempt 2) for https://www.gamigion.com/new-game-dev-reality-check
2025-12-12 16:48:08,143 WARNING Request error HTTPSConnectionPool(host='www.gamigion.com', port=443): Read timed out. (read timeout=12) (attempt 2) for https://www.gamigion.com/how-is-the-gaming-entertainment-curve
2025-12-12 16:48:09,981 WARNING Request error HTTPSConnectionPool(host='www.gamigion.com', port=443): Read timed out. (read timeout=12) (attempt 2) for https://www.gamigion.com/which-ad-format-fits-gaming
2025-12-12 16:48:10,876 WARNING Request error HTTPSConnectionPool(host='www.gamigion.com', port=443): Read timed out. (read timeout=12) (attempt 2) for https://www.gamigion.com/starting-your-journey-as-a-game-developer
2025-12-12 16:48:11,236 WARNING Request error HTTPSConnectionPool(host='www.gamigion.com', port=443): Read timed out. (read timeout=12) (attempt 2) for https://www.gamigion.com/50-of-baby-boomers-are-playing-games
2025-12-12 16:48:11,683 WARNING Request error HTTPSConnectionPool(host='www.gamigion.com', port=443): Read timed out. (read timeout=12) (attempt 2) for https://www.gamigion.com/wp-login.php?redirect_to=https%3A%2F%2Fwww.gamigion.com%2Fboosting-retention-in-your-game%2F&action=register
2025-12-12 16:48:12,520 WARNING Request error HTTPSConnectionPool(host='www.gamigion.com', port=443): Read timed out. (read timeout=12) (attempt 2) for https://www.gamigion.com/what-does-the-gaming-industry-need-most-right-now
2025-12-12 16:48:19,491 WARNING Request error HTTPSConnectionPool(host='www.gamigion.com', port=443): Read timed out. (read timeout=12) (attempt 3) for https://www.gamigion.com/10-ways-players-spot-bad-games
2025-12-12 16:48:20,821 WARNING Request error HTTPSConnectionPool(host='www.gamigion.com', port=443): Read timed out. (read timeout=12) (attempt 3) for https://www.gamigion.com/new-game-dev-reality-check
2025-12-12 16:48:22,054 ERROR Giving up on https://www.gamigion.com/10-ways-players-spot-bad-games after 3 attempts
2025-12-12 16:48:22,054 INFO No html for https://www.gamigion.com/10-ways-players-spot-bad-games
2025-12-12 16:48:22,054 INFO Skipped/failed: https://www.gamigion.com/10-ways-players-spot-bad-games
2025-12-12 16:48:23,383 ERROR Giving up on https://www.gamigion.com/new-game-dev-reality-check after 3 attempts
2025-12-12 16:48:23,383 INFO No html for https://www.gamigion.com/new-game-dev-reality-check
2025-12-12 16:48:23,383 INFO Skipped/failed: https://www.gamigion.com/new-game-dev-reality-check
2025-12-12 16:48:24,416 WARNING Request error HTTPSConnectionPool(host='www.gamigion.com', port=443): Read timed out. (read timeout=12) (attempt 3) for https://www.gamigion.com/which-ad-format-fits-gaming
2025-12-12 16:48:25,259 WARNING Request error HTTPSConnectionPool(host='www.gamigion.com', port=443): Read timed out. (read timeout=12) (attempt 3) for https://www.gamigion.com/starting-your-journey-as-a-game-developer
2025-12-12 16:48:26,979 ERROR Giving up on https://www.gamigion.com/which-ad-format-fits-gaming after 3 attempts
2025-12-12 16:48:26,979 INFO No html for https://www.gamigion.com/which-ad-format-fits-gaming
2025-12-12 16:48:26,981 INFO Skipped/failed: https://www.gamigion.com/which-ad-format-fits-gaming
2025-12-12 16:48:27,242 INFO Saved: https://www.gamigion.com/what-does-the-gaming-industry-need-most-right-now -> 056_What does the Gaming Industry need most right now.md
2025-12-12 16:48:27,821 ERROR Giving up on https://www.gamigion.com/starting-your-journey-as-a-game-developer after 3 attempts
2025-12-12 16:48:27,821 INFO No html for https://www.gamigion.com/starting-your-journey-as-a-game-developer
2025-12-12 16:48:27,822 INFO Skipped/failed: https://www.gamigion.com/starting-your-journey-as-a-game-developer
2025-12-12 16:48:30,170 INFO Saved: https://www.gamigion.com/wp-login.php?redirect_to=https%3A%2F%2Fwww.gamigion.com%2Fboosting-retention-in-your-game%2F&action=register -> 055_untitled.md
2025-12-12 16:48:31,595 WARNING Request error HTTPSConnectionPool(host='www.gamigion.com', port=443): Read timed out. (read timeout=12) (attempt 3) for https://www.gamigion.com/how-is-the-gaming-entertainment-curve
2025-12-12 16:48:34,158 ERROR Giving up on https://www.gamigion.com/how-is-the-gaming-entertainment-curve after 3 attempts
2025-12-12 16:48:34,158 INFO No html for https://www.gamigion.com/how-is-the-gaming-entertainment-curve
2025-12-12 16:48:34,160 INFO Skipped/failed: https://www.gamigion.com/how-is-the-gaming-entertainment-curve
2025-12-12 16:48:35,790 INFO Saved: https://www.gamigion.com/50-of-baby-boomers-are-playing-games -> 059_50 of Baby Boomers Are Playing Games.md
2025-12-12 16:48:40,688 WARNING Request error HTTPSConnectionPool(host='www.gamigion.com', port=443): Read timed out. (read timeout=12) (attempt 1) for https://www.gamigion.com/sorry-gamers-but-i-have-to-say-this
2025-12-12 16:48:43,111 WARNING Request error HTTPSConnectionPool(host='www.gamigion.com', port=443): Read timed out. (read timeout=12) (attempt 1) for https://www.gamigion.com/want-to-keep-your-players-engaged
2025-12-12 16:48:46,725 WARNING Request error HTTPSConnectionPool(host='www.gamigion.com', port=443): Read timed out. (read timeout=12) (attempt 1) for https://www.gamigion.com/you-can-make-millions-at-a-price-point-of-0
2025-12-12 16:48:47,444 WARNING Request error HTTPSConnectionPool(host='www.gamigion.com', port=443): Read timed out. (read timeout=12) (attempt 1) for https://www.gamigion.com/20-metrics-all-game-devs-should-hold-close
2025-12-12 16:48:47,797 WARNING Request error HTTPSConnectionPool(host='www.gamigion.com', port=443): Read timed out. (read timeout=12) (attempt 1) for https://www.gamigion.com/how-to-boost-player-engagement
2025-12-12 16:48:51,872 WARNING Request error HTTPSConnectionPool(host='www.gamigion.com', port=443): Read timed out. (read timeout=12) (attempt 1) for https://www.gamigion.com/things-no-one-tells-you-about-being-a-leader
2025-12-12 16:48:51,952 WARNING Request error HTTPSConnectionPool(host='www.gamigion.com', port=443): Read timed out. (read timeout=12) (attempt 1) for https://www.gamigion.com/what-connects-game-and-states-economies
2025-12-12 16:48:53,765 WARNING Request error HTTPSConnectionPool(host='www.gamigion.com', port=443): Read timed out. (read timeout=12) (attempt 1) for https://www.gamigion.com/how-to-explain-the-80-20-rule-so-even-a-kid-can-understand
2025-12-12 16:48:54,506 INFO Saved: https://www.gamigion.com/things-no-one-tells-you-about-being-a-leader -> 066_Things no one tells you about being a leader.md
2025-12-12 16:48:55,026 INFO Saved: https://www.gamigion.com/sorry-gamers-but-i-have-to-say-this -> 060_Sorry gamers but I have to say this.md
2025-12-12 16:48:55,290 INFO Saved: https://www.gamigion.com/want-to-keep-your-players-engaged -> 061_Want to keep your players engaged.md
2025-12-12 16:48:55,584 INFO Saved: https://www.gamigion.com/author/sergeivasiuk/page/5 -> 068_10 Signs Of a Decent Game.md
2025-12-12 16:48:58,238 INFO Saved: https://www.gamigion.com/you-can-make-millions-at-a-price-point-of-0 -> 063_You can make Millions at a price point of 0.md
2025-12-12 16:49:01,482 WARNING Request error HTTPSConnectionPool(host='www.gamigion.com', port=443): Read timed out. (read timeout=12) (attempt 2) for https://www.gamigion.com/20-metrics-all-game-devs-should-hold-close
2025-12-12 16:49:01,745 WARNING Request error HTTPSConnectionPool(host='www.gamigion.com', port=443): Read timed out. (read timeout=12) (attempt 2) for https://www.gamigion.com/how-to-boost-player-engagement
2025-12-12 16:49:04,061 INFO Saved: https://www.gamigion.com/what-connects-game-and-states-economies -> 064_What connects Game and States Economies.md
2025-12-12 16:49:06,919 INFO Saved: https://www.gamigion.com/20-metrics-all-game-devs-should-hold-close -> 062_20 Metrics All Game Devs Should Hold Close.md
2025-12-12 16:49:07,581 WARNING Request error HTTPSConnectionPool(host='www.gamigion.com', port=443): Read timed out. (read timeout=12) (attempt 2) for https://www.gamigion.com/how-to-explain-the-80-20-rule-so-even-a-kid-can-understand
2025-12-12 16:49:11,456 INFO Saved: https://www.gamigion.com/how-to-boost-player-engagement -> 067_How To Boost Player Engagement.md
2025-12-12 16:49:14,598 INFO Saved: https://www.gamigion.com/wp-login.php?redirect_to=https%3A%2F%2Fwww.gamigion.com%2Fwhat-does-the-gaming-industry-need-most-right-now%2F&action=register -> 069_untitled.md
2025-12-12 16:49:14,638 INFO Saved: https://www.gamigion.com/10-signs-of-a-decent-game -> 070_10 Signs Of a Decent Game.md
2025-12-12 16:49:15,381 INFO Saved: https://www.gamigion.com/entertain-your-players-with-events -> 071_ENTERTAIN YOUR PLAYERS WITH EVENTS.md
2025-12-12 16:49:21,105 INFO Saved: https://www.gamigion.com/game-development-tools-landscape -> 072_Game Development Tools Landscape.md
2025-12-12 16:49:21,445 INFO Saved: https://www.gamigion.com/many-screw-up-live-service-games -> 073_Many screw up live service games.md
2025-12-12 16:49:22,178 WARNING Request error HTTPSConnectionPool(host='www.gamigion.com', port=443): Read timed out. (read timeout=12) (attempt 3) for https://www.gamigion.com/how-to-explain-the-80-20-rule-so-even-a-kid-can-understand
2025-12-12 16:49:24,740 ERROR Giving up on https://www.gamigion.com/how-to-explain-the-80-20-rule-so-even-a-kid-can-understand after 3 attempts
2025-12-12 16:49:24,740 INFO No html for https://www.gamigion.com/how-to-explain-the-80-20-rule-so-even-a-kid-can-understand
2025-12-12 16:49:24,740 INFO Skipped/failed: https://www.gamigion.com/how-to-explain-the-80-20-rule-so-even-a-kid-can-understand
2025-12-12 16:49:25,550 INFO Saved: https://www.gamigion.com/want-to-keep-your-live-service-game-healthy -> 074_Want to keep your live service game healthy.md
2025-12-12 16:49:27,300 INFO Saved: https://www.gamigion.com/great-games-know-this-key-to-players-needs -> 075_Great games know this key to players needs.md
2025-12-12 16:49:28,201 INFO Saved: https://www.gamigion.com/wp-login.php?redirect_to=https%3A%2F%2Fwww.gamigion.com%2F10-signs-of-a-decent-game%2F&action=register -> 077_untitled.md
2025-12-12 16:49:29,285 INFO Saved: https://www.gamigion.com/the-new-york-times-emerges-as-a-game-company -> 076_The New York Times emerges as a game company.md
2025-12-12 16:49:30,315 INFO === SCRAPING OxanaFomina ===
2025-12-12 16:49:32,517 INFO Page https://www.gamigion.com/author/oxanafomina -> 27 links
2025-12-12 16:49:33,633 INFO Page https://www.gamigion.com/author/oxanafomina/page/2/ -> 28 links
2025-12-12 16:49:35,279 INFO Page https://www.gamigion.com/author/oxanafomina/page/3/ -> 22 links
2025-12-12 16:49:35,318 INFO OxanaFomina: FOUND 49 article links
2025-12-12 16:49:36,303 INFO Unchanged: https://www.gamigion.com/category/analysis
2025-12-12 16:49:36,425 INFO Unchanged: https://www.gamigion.com/events
2025-12-12 16:49:36,563 INFO Unchanged: https://www.gamigion.com/reports
2025-12-12 16:49:36,682 INFO Unchanged: https://www.gamigion.com/category/events
2025-12-12 16:49:36,688 INFO Unchanged: https://www.gamigion.com/journal
2025-12-12 16:49:36,830 INFO Unchanged: https://www.gamigion.com/category/game-radar
2025-12-12 16:49:37,124 INFO Unchanged: https://www.gamigion.com/games-radar
2025-12-12 16:49:37,338 INFO Unchanged: https://www.gamigion.com/category/highlights
2025-12-12 16:49:37,434 INFO Unchanged: https://www.gamigion.com/category/reports
2025-12-12 16:49:37,570 INFO Unchanged: https://www.gamigion.com/category/journal
2025-12-12 16:49:37,582 INFO Saved: https://www.gamigion.com/author/oxanafomina -> 006_Pay to Play Games Hexa Sort.md
2025-12-12 16:49:37,910 INFO Saved: https://www.gamigion.com/about -> 005_Whos there - Gamigion Mobile Games Industry News.md
2025-12-12 16:49:45,531 INFO Saved: https://www.gamigion.com/royal-match-how-new-event-design-increased-revenue-by-14-6 -> 015_Royal Match How New Event Design Increased Revenue by 146.md
2025-12-12 16:49:52,239 INFO Saved: https://www.gamigion.com/game-deconstruction-magic-sort-by-grand-games -> 016_Game Deconstruction Magic Sort by Grand Games.md
2025-12-12 16:49:52,524 INFO Saved: https://www.gamigion.com/slots-solitaire-bingo-what-unites-successful-events -> 014_Slots Solitaire  Bingo What Unites Successful Events.md
2025-12-12 16:49:52,757 INFO Saved: https://www.gamigion.com/pay-to-play-games-hexa-sort -> 013_Pay to Play Games Hexa Sort.md
2025-12-12 16:49:53,009 INFO Saved: https://www.gamigion.com/extraordinary-results-from-monopoly-gos-tycoon-racers-event -> 019_Extraordinary results from Monopoly Gos Tycoon Racers event.md
2025-12-12 16:49:54,029 INFO Saved: https://www.gamigion.com/the-event-strategy-that-got-players-hooked-and-paid-off -> 017_The Event Strategy That Got Players Hooked and Paid Off.md
2025-12-12 16:49:54,536 INFO Saved: https://www.gamigion.com/fishdom-by-playrix-fantastic-results -> 018_Fishdom by Playrix Fantastic Results.md
2025-12-12 16:49:55,043 INFO Saved: https://www.gamigion.com/author/oxanafomina/page/2 -> 025_What Do You Like Most About Your Job.md
2025-12-12 16:49:59,384 WARNING Request error HTTPSConnectionPool(host='www.gamigion.com', port=443): Read timed out. (read timeout=12) (attempt 1) for https://www.gamigion.com/smart-monetization-approach-for-hard-levels-in-match-3-games
2025-12-12 16:50:02,143 INFO Unchanged: https://www.gamigion.com/wp-login.php?action=lostpassword
2025-12-12 16:50:02,557 INFO Saved: https://www.gamigion.com/web-stores-impact-trends -> 021_Web Stores Impact  Trends.md
2025-12-12 16:50:04,483 INFO Saved: https://www.gamigion.com/smart-monetization-approach-for-hard-levels-in-match-3-games -> 020_Smart Monetization Approach for Hard Levels in Match-3 Games.md
2025-12-12 16:50:08,308 INFO Saved: https://www.gamigion.com/wp-login.php?redirect_to=https%3A%2F%2Fwww.gamigion.com%2Fpay-to-play-games-hexa-sort%2F&action=register -> 026_untitled.md
2025-12-12 16:50:09,318 INFO Saved: https://www.gamigion.com/successful-growth-strategy-behind-dice-dreams -> 022_Successful Growth Strategy Behind Dice Dreams.md
2025-12-12 16:50:09,696 INFO Saved: https://www.gamigion.com/multiple-paid-pass-boost-player-choice-rewards-playtimes-and-revenue -> 023_Multiple Paid Pass Boost Player Choice Rewards Playtimes And Revenue.md
2025-12-12 16:50:11,704 INFO Saved: https://www.gamigion.com/candy-crush-sagas-unique-challenge-for-more-lives -> 024_Candy Crush Sagas Unique Challenge For More Lives.md
2025-12-12 16:50:13,906 INFO Saved: https://www.gamigion.com/what-do-you-like-most-about-your-job -> 028_What Do You Like Most About Your Job.md
2025-12-12 16:50:18,210 INFO Saved: https://www.gamigion.com/all-players-are-paying-with-different-payment-methods -> 029_All Players Are Paying With Different Payment Methods.md
2025-12-12 16:50:21,790 WARNING Request error HTTPSConnectionPool(host='www.gamigion.com', port=443): Read timed out. (read timeout=12) (attempt 1) for https://www.gamigion.com/personalized-gaming-offers-through-phone-numbers
2025-12-12 16:50:23,248 INFO Saved: https://www.gamigion.com/increase-player-retention-through-in-app-purchases -> 032_Increase Player Retention Through In-App Purchases.md
2025-12-12 16:50:24,290 INFO Saved: https://www.gamigion.com/win-streak-offer-in-candy-crush-saga-by-king -> 034_Win Streak Offer In Candy Crush Saga By King.md
2025-12-12 16:50:26,446 INFO Saved: https://www.gamigion.com/personalized-gaming-offers-through-phone-numbers -> 030_Personalized Gaming Offers Through Phone Numbers.md
2025-12-12 16:50:26,884 INFO Saved: https://www.gamigion.com/increased-holiday-events-and-sales-in-games -> 033_Increased Holiday Events And Sales In Games.md
2025-12-12 16:50:26,965 INFO Saved: https://www.gamigion.com/innovative-daily-bonus-strategies-on-retention-and-monetization -> 031_Innovative Daily Bonus Strategies On Retention and Monetization.md
2025-12-12 16:50:28,430 INFO Saved: https://www.gamigion.com/author/oxanafomina/page/3 -> 040_Increase Revenue and Conversions with Non-Standard Offers.md
2025-12-12 16:50:29,259 INFO Saved: https://www.gamigion.com/how-monopoly-go-leverages-coin-masters-live-ops-strategies -> 035_How Monopoly GO Leverages Coin Masters Live Ops Strategies.md
2025-12-12 16:50:34,659 INFO Saved: https://www.gamigion.com/unlocking-success-in-monopoly-go-first-purchases -> 036_Unlocking Success In Monopoly GO First Purchases.md
2025-12-12 16:50:36,190 INFO Saved: https://www.gamigion.com/boosting-monetization-season-pass-in-candy-crush-soda-saga -> 037_Boosting Monetization Season Pass In Candy Crush Soda Saga.md
2025-12-12 16:50:42,392 INFO Saved: https://www.gamigion.com/mobile-game-web-shops-analysis -> 038_Mobile Game Web Shops Analysis.md
2025-12-12 16:50:42,452 WARNING Request error HTTPSConnectionPool(host='www.gamigion.com', port=443): Read timed out. (read timeout=12) (attempt 1) for https://www.gamigion.com/boosting-virality-with-irresistible-free-subscriptions
2025-12-12 16:50:43,915 INFO Saved: https://www.gamigion.com/increase-player-engagement-retention-and-monetization -> 046_Increase Player Engagement Retention And Monetization.md
2025-12-12 16:50:44,684 INFO Saved: https://www.gamigion.com/wp-login.php?redirect_to=https%3A%2F%2Fwww.gamigion.com%2Fwhat-do-you-like-most-about-your-job%2F&action=register -> 041_untitled.md
2025-12-12 16:50:44,930 INFO Saved: https://www.gamigion.com/increase-revenue-and-conversions-with-non-standard-offers -> 042_Increase Revenue and Conversions with Non-Standard Offers.md
2025-12-12 16:50:48,612 INFO Saved: https://www.gamigion.com/interesting-example-of-survivorship-bias-in-live-ops -> 044_Interesting Example Of Survivorship Bias In Live Ops.md
2025-12-12 16:50:48,787 INFO Saved: https://www.gamigion.com/toon-blast-live-ops-piggy-bank-for-free -> 045_Toon Blast Live Ops Piggy Bank for FREE.md
2025-12-12 16:50:50,808 INFO Saved: https://www.gamigion.com/boosting-virality-with-irresistible-free-subscriptions -> 039_Boosting Virality with Irresistible Free Subscriptions.md
2025-12-12 16:50:56,489 INFO Saved: https://www.gamigion.com/strategy-to-convert-non-paying-users-into-paying-customers -> 043_Strategy To Convert Non-Paying Users Into Paying Customers.md
2025-12-12 16:50:57,808 INFO Saved: https://www.gamigion.com/enhancing-game-metrics-seasonal-pass-and-super-boosters -> 048_Enhancing Game Metrics Seasonal Pass and Super Boosters.md
2025-12-12 16:50:57,855 INFO Saved: https://www.gamigion.com/boosting-game-virality-with-innovative-prize-draws -> 047_Boosting Game Virality with Innovative Prize Draws.md
2025-12-12 16:50:58,330 INFO Saved: https://www.gamigion.com/wp-login.php?redirect_to=https%3A%2F%2Fwww.gamigion.com%2Fincrease-revenue-and-conversions-with-non-standard-offers%2F&action=register -> 049_untitled.md
2025-12-12 16:50:59,350 INFO DONE: saved counts: {'FelixBraberg_Substack': 12, 'FelixBraberg_Blog': 11, 'MichaelKopelovich': 187, 'SergeiVasiuk': 71, 'OxanaFomina': 49}
2025-12-12 16:55:21,518 INFO === SCRAPING FelixBraberg_Substack -> https://felixbraberg.substack.com/archive?sort=new
2025-12-12 16:55:23,150 INFO FelixBraberg_Substack: found 16 candidate links
2025-12-12 16:55:23,615 INFO Saved https://felixbraberg.substack.com/p/the-1-banner-ad-mistake-youre-still -> 006_The 1 Banner Ad Mistake Youre Still Making.md
2025-12-12 16:55:23,647 INFO Saved https://felixbraberg.substack.com/s/25-gamers-podcast -> 002_25 Gamers Podcast Mobile Ad Revenue Felix Braberg Substack.md
2025-12-12 16:55:23,835 INFO Saved https://felixbraberg.substack.com/p/candy-crush-is-crushing-it-with-ad -> 007_Candy Crush is Crushing it with Ad Revenue.md
2025-12-12 16:55:23,947 INFO Saved https://felixbraberg.substack.com/p/8-jolly-ad-monetization-tips-for -> 008_8 Jolly Ad Monetization Tips for Black Friday Weekend.md
2025-12-12 16:55:23,947 INFO Saved https://felixbraberg.substack.com/p/the-greatest-fake-onboarding-of-all -> 005_The Greatest Fake Onboarding of All Time.md
2025-12-12 16:55:24,017 INFO Saved https://felixbraberg.substack.com/about -> 004_About - Mobile Ad Revenue.md
2025-12-12 16:55:24,108 INFO Saved https://felixbraberg.substack.com/p/lessmores-first-release-under-miniclip -> 009_Lessmores first release under Miniclip ownership.md
2025-12-12 16:55:24,183 INFO Saved https://felixbraberg.substack.com -> 001_Mobile Ad Revenue Felix Braberg Substack.md
2025-12-12 16:55:24,184 INFO Saved https://felixbraberg.substack.com/p/banners-the-walking-dead-of-mobile -> 012_Banners The Walking Dead of Mobile Ads.md
2025-12-12 16:55:24,244 INFO Saved https://felixbraberg.substack.com/p/is-coin-master-adding-in-game-ads -> 011_Is Coin Master Adding in Game Ads.md
2025-12-12 16:55:24,312 INFO Saved https://felixbraberg.substack.com/p/from-44-to-72-vietnams-studio-surge -> 013_From 44 to 72 Vietnams Studio Surge Continues.md
2025-12-12 16:55:24,431 INFO Saved https://felixbraberg.substack.com/p/six-ad-placements-that-delivered -> 016_Six Ad Placements That Delivered in 2025 So Far.md
2025-12-12 16:55:24,507 INFO Saved https://felixbraberg.substack.com/p/hungrystudio-is-hungry-for-more -> 010_HungryStudio is hungry for more.md
2025-12-12 16:55:24,703 INFO Saved https://felixbraberg.substack.com/p/are-ads-falling-out-of-fashion -> 015_Are Ads Falling Out of Fashion.md
2025-12-12 16:55:24,876 INFO Saved https://felixbraberg.substack.com/p/end-cards-the-silent-driver-of-player -> 014_End Cards The Silent Driver of Player Retention.md
2025-12-12 16:55:24,878 INFO Saved https://felixbraberg.substack.com/archive -> 003_Archive - Mobile Ad Revenue.md
2025-12-12 16:55:24,880 INFO FelixBraberg_Substack: saved 16 files
2025-12-12 16:55:25,482 INFO === SCRAPING FelixBraberg_Blog -> https://www.felixbraberg.com/blog
2025-12-12 16:55:26,221 INFO FelixBraberg_Blog: found 8 candidate links
2025-12-12 16:55:26,748 INFO Saved https://www.felixbraberg.com/post/the-end-of-gam-and-admob-placement-refreshes -> 001_The End of GAM and Admob Placement Refreshes.md
2025-12-12 16:55:26,862 INFO Saved https://www.felixbraberg.com/post/the-end-of-gam-networks-on-mobile -> 004_The End of GAM Networks on Mobile.md
2025-12-12 16:55:26,862 INFO Saved https://www.felixbraberg.com/post/google-s-new-cmp-requirements-integrate-or-die -> 003_Googles New CMP Requirements - Integrate or Die.md
2025-12-12 16:55:26,978 INFO Saved https://www.felixbraberg.com/post/frozen-city-s-3-million-a-month-admon-blunder -> 005_Frozen Citys 3 million a month Admon blunder.md
2025-12-12 16:55:27,040 INFO Saved https://www.felixbraberg.com/post/the-price-of-progress-the-revenue-impact-of-google-deprecating-placements-and-gam-resellers -> 002_The Price of Progress - The Revenue Impact of Google Deprecating Placements and GAM Resellers.md
2025-12-12 16:55:27,094 INFO Saved https://www.felixbraberg.com/post/is-admob-removing-its-three-placement-limit -> 007_Is Admob removing its three placement limit.md
2025-12-12 16:55:27,182 INFO Saved https://www.felixbraberg.com/post/3-ad-monetization-tips-on-how-maximize-fill-in-india -> 008_3 Ad Monetization tips on how maximize fill in India.md
2025-12-12 16:55:27,376 INFO Saved https://www.felixbraberg.com/post/is-amazon-publisher-services-about-to-go-supernova-in-mobile -> 006_Is Amazon Publisher Services about to go supernova in Mobile.md
2025-12-12 16:55:27,378 INFO FelixBraberg_Blog: saved 8 files
2025-12-12 16:55:27,979 INFO === SCRAPING SergeiVasiuk -> https://www.gamigion.com/author/sergeivasiuk/
2025-12-12 16:55:29,850 INFO SergeiVasiuk: found 10 candidate links
2025-12-12 16:55:30,490 INFO Saved https://www.gamigion.com/journal -> 001_Journal - Gamigion Mobile Games Industry News.md
2025-12-12 16:55:30,960 INFO Saved https://www.gamigion.com/category/events -> 004_PGC London 19-20 January.md
2025-12-12 16:55:31,654 INFO Saved https://www.gamigion.com/author/sergeivasiuk -> 002_Every Great Game is a FIGHT.md
2025-12-12 16:55:31,690 INFO Saved https://www.gamigion.com/category/reports -> 008_Global Games Market Report 2025.md
2025-12-12 16:55:31,780 INFO Saved https://www.gamigion.com/category/journal -> 007_The Greatest Fake Onboarding of All Time.md
2025-12-12 16:55:32,521 INFO Saved https://www.gamigion.com/author/sergeivasiuk/page/2 -> 009_5 Game Systems to Make Your Game Stick.md
2025-12-12 16:55:32,566 INFO Saved https://www.gamigion.com/category/highlights -> 006_The Greatest Fake Onboarding of All Time.md
2025-12-12 16:55:32,879 INFO Saved https://www.gamigion.com/author/sergeivasiuk/page/3 -> 010_Boosting Retention in Your Game.md
2025-12-12 16:55:33,704 INFO Saved https://www.gamigion.com/category/analysis -> 003_Hybridcasual Boom Beyond China Turkey and Vietnam.md
2025-12-12 16:55:36,246 INFO Saved https://www.gamigion.com/category/game-radar -> 005_Dont Miss These New Mobile Games November 28 to December 4 2025.md
2025-12-12 16:55:36,246 INFO SergeiVasiuk: saved 10 files
2025-12-12 16:55:36,861 INFO Done run
2025-12-12 18:22:27,030 INFO === SCRAPING FelixBraberg_Substack ===
2025-12-12 18:22:27,948 INFO Page https://felixbraberg.substack.com/archive?sort=new -> 12 links
2025-12-12 18:22:27,992 INFO FelixBraberg_Substack: FOUND 12 article links
2025-12-12 18:22:28,695 INFO Saved: https://felixbraberg.substack.com/p/the-1-banner-ad-mistake-youre-still -> 002_The 1 Banner Ad Mistake Youre Still Making.md
2025-12-12 18:22:28,853 INFO Saved: https://felixbraberg.substack.com/p/the-greatest-fake-onboarding-of-all -> 001_The Greatest Fake Onboarding of All Time.md
2025-12-12 18:22:28,914 INFO Saved: https://felixbraberg.substack.com/p/hungrystudio-is-hungry-for-more -> 006_HungryStudio is hungry for more.md
2025-12-12 18:22:29,056 INFO Saved: https://felixbraberg.substack.com/p/lessmores-first-release-under-miniclip -> 005_Lessmores first release under Miniclip ownership.md
2025-12-12 18:22:29,101 INFO Saved: https://felixbraberg.substack.com/p/is-coin-master-adding-in-game-ads -> 007_Is Coin Master Adding in Game Ads.md
2025-12-12 18:22:29,827 INFO Saved: https://felixbraberg.substack.com/p/from-44-to-72-vietnams-studio-surge -> 009_From 44 to 72 Vietnams Studio Surge Continues.md
2025-12-12 18:22:29,827 INFO Saved: https://felixbraberg.substack.com/p/8-jolly-ad-monetization-tips-for -> 004_8 Jolly Ad Monetization Tips for Black Friday Weekend.md
2025-12-12 18:22:29,849 INFO Saved: https://felixbraberg.substack.com/p/end-cards-the-silent-driver-of-player -> 010_End Cards The Silent Driver of Player Retention.md
2025-12-12 18:22:29,973 INFO Saved: https://felixbraberg.substack.com/p/are-ads-falling-out-of-fashion -> 011_Are Ads Falling Out of Fashion.md
2025-12-12 18:22:30,150 INFO Saved: https://felixbraberg.substack.com/p/candy-crush-is-crushing-it-with-ad -> 003_Candy Crush is Crushing it with Ad Revenue.md
2025-12-12 18:22:30,335 INFO Saved: https://felixbraberg.substack.com/p/banners-the-walking-dead-of-mobile -> 008_Banners The Walking Dead of Mobile Ads.md
2025-12-12 18:22:30,337 INFO Saved: https://felixbraberg.substack.com/p/six-ad-placements-that-delivered -> 012_Six Ad Placements That Delivered in 2025 So Far.md
2025-12-12 18:22:31,342 INFO === SCRAPING FelixBraberg_Blog ===
2025-12-12 18:22:32,457 INFO Page https://www.felixbraberg.com/blog -> 12 links
2025-12-12 18:22:32,479 INFO FelixBraberg_Blog: FOUND 12 article links
2025-12-12 18:22:33,011 INFO Unchanged: https://www.felixbraberg.com/contact
2025-12-12 18:22:33,036 INFO No content extracted for https://www.felixbraberg.com/podcast
2025-12-12 18:22:33,036 INFO Skipped/failed: https://www.felixbraberg.com/podcast
2025-12-12 18:22:33,056 INFO Unchanged: https://www.felixbraberg.com/blog
2025-12-12 18:22:33,056 INFO Unchanged: https://www.felixbraberg.com/post/the-end-of-gam-networks-on-mobile
2025-12-12 18:22:33,067 INFO Unchanged: https://www.felixbraberg.com/post/the-price-of-progress-the-revenue-impact-of-google-deprecating-placements-and-gam-resellers
2025-12-12 18:22:33,072 INFO Unchanged: https://www.felixbraberg.com/post/the-end-of-gam-and-admob-placement-refreshes
2025-12-12 18:22:33,256 INFO Unchanged: https://www.felixbraberg.com/post/3-ad-monetization-tips-on-how-maximize-fill-in-india
2025-12-12 18:22:33,533 INFO Unchanged: https://www.felixbraberg.com/about-me
2025-12-12 18:22:33,539 INFO Unchanged: https://www.felixbraberg.com/post/is-admob-removing-its-three-placement-limit
2025-12-12 18:22:33,547 INFO Unchanged: https://www.felixbraberg.com/post/is-amazon-publisher-services-about-to-go-supernova-in-mobile
2025-12-12 18:22:33,663 INFO Unchanged: https://www.felixbraberg.com/post/frozen-city-s-3-million-a-month-admon-blunder
2025-12-12 18:22:33,869 INFO Unchanged: https://www.felixbraberg.com/post/google-s-new-cmp-requirements-integrate-or-die
2025-12-12 18:22:34,877 INFO === SCRAPING MichaelKopelovich ===
2025-12-12 18:22:36,366 INFO Page https://www.gamigion.com/author/kopelovich -> 27 links
2025-12-12 18:22:36,981 INFO Page https://www.gamigion.com/author/kopelovich/page/2/ -> 28 links
2025-12-12 18:22:37,727 INFO Page https://www.gamigion.com/author/kopelovich/page/3/ -> 28 links
2025-12-12 18:22:38,286 INFO Page https://www.gamigion.com/author/kopelovich/page/4/ -> 28 links
2025-12-12 18:22:39,701 INFO Page https://www.gamigion.com/author/kopelovich/page/5/ -> 28 links
2025-12-12 18:22:42,018 INFO Page https://www.gamigion.com/author/kopelovich/page/6/ -> 28 links
2025-12-12 18:22:43,560 INFO Page https://www.gamigion.com/author/kopelovich/page/7/ -> 28 links
2025-12-12 18:22:45,068 INFO Page https://www.gamigion.com/author/kopelovich/page/8/ -> 28 links
2025-12-12 18:22:46,585 INFO Page https://www.gamigion.com/author/kopelovich/page/9/ -> 28 links
2025-12-12 18:22:48,072 INFO Page https://www.gamigion.com/author/kopelovich/page/10/ -> 28 links
2025-12-12 18:22:49,725 INFO Page https://www.gamigion.com/author/kopelovich/page/11/ -> 28 links
2025-12-12 18:22:51,940 INFO Page https://www.gamigion.com/author/kopelovich/page/12/ -> 28 links
2025-12-12 18:22:53,458 INFO Page https://www.gamigion.com/author/kopelovich/page/13/ -> 28 links
2025-12-12 18:22:55,075 INFO Page https://www.gamigion.com/author/kopelovich/page/14/ -> 28 links
2025-12-12 18:22:56,232 INFO Page https://www.gamigion.com/author/kopelovich/page/15/ -> 18 links
2025-12-12 18:22:56,265 INFO MichaelKopelovich: FOUND 213 article links
2025-12-12 18:23:22,699 INFO === SCRAPING FelixBraberg_Substack ===
2025-12-12 18:23:27,395 INFO Page https://felixbraberg.substack.com/archive?sort=new -> 12 links
2025-12-12 18:23:27,663 INFO FelixBraberg_Substack: FOUND 12 article links
2025-12-12 18:23:30,070 INFO Saved: https://felixbraberg.substack.com/p/the-greatest-fake-onboarding-of-all -> 001_The Greatest Fake Onboarding of All Time.md
2025-12-12 18:23:32,583 INFO Saved: https://felixbraberg.substack.com/p/from-44-to-72-vietnams-studio-surge -> 009_From 44 to 72 Vietnams Studio Surge Continues.md
2025-12-12 18:23:34,331 INFO Saved: https://felixbraberg.substack.com/p/lessmores-first-release-under-miniclip -> 005_Lessmores first release under Miniclip ownership.md
2025-12-12 18:23:34,672 INFO Saved: https://felixbraberg.substack.com/p/the-1-banner-ad-mistake-youre-still -> 002_The 1 Banner Ad Mistake Youre Still Making.md
2025-12-12 18:23:35,177 INFO Saved: https://felixbraberg.substack.com/p/hungrystudio-is-hungry-for-more -> 006_HungryStudio is hungry for more.md
2025-12-12 18:23:35,353 INFO Saved: https://felixbraberg.substack.com/p/banners-the-walking-dead-of-mobile -> 008_Banners The Walking Dead of Mobile Ads.md
2025-12-12 18:23:35,414 INFO Saved: https://felixbraberg.substack.com/p/8-jolly-ad-monetization-tips-for -> 004_8 Jolly Ad Monetization Tips for Black Friday Weekend.md
2025-12-12 18:23:35,414 INFO Saved: https://felixbraberg.substack.com/p/is-coin-master-adding-in-game-ads -> 007_Is Coin Master Adding in Game Ads.md
2025-12-12 18:23:35,414 INFO Saved: https://felixbraberg.substack.com/p/candy-crush-is-crushing-it-with-ad -> 003_Candy Crush is Crushing it with Ad Revenue.md
2025-12-12 18:23:35,589 INFO Saved: https://felixbraberg.substack.com/p/end-cards-the-silent-driver-of-player -> 010_End Cards The Silent Driver of Player Retention.md
2025-12-12 18:23:36,902 INFO Saved: https://felixbraberg.substack.com/p/are-ads-falling-out-of-fashion -> 011_Are Ads Falling Out of Fashion.md
2025-12-12 18:23:37,100 INFO Saved: https://felixbraberg.substack.com/p/six-ad-placements-that-delivered -> 012_Six Ad Placements That Delivered in 2025 So Far.md
2025-12-12 18:23:38,106 INFO === SCRAPING FelixBraberg_Blog ===
2025-12-12 18:23:44,431 INFO Page https://www.felixbraberg.com/blog -> 12 links
2025-12-12 18:23:44,470 INFO FelixBraberg_Blog: FOUND 12 article links
2025-12-12 18:23:47,879 INFO No content extracted for https://www.felixbraberg.com/podcast
2025-12-12 18:23:47,893 INFO Skipped/failed: https://www.felixbraberg.com/podcast
2025-12-12 18:23:49,686 INFO Unchanged: https://www.felixbraberg.com/post/frozen-city-s-3-million-a-month-admon-blunder
2025-12-12 18:23:49,900 INFO Unchanged: https://www.felixbraberg.com/about-me
2025-12-12 18:23:49,921 INFO Unchanged: https://www.felixbraberg.com/contact
2025-12-12 18:23:50,025 INFO Unchanged: https://www.felixbraberg.com/post/the-end-of-gam-networks-on-mobile
2025-12-12 18:23:50,045 INFO Unchanged: https://www.felixbraberg.com/post/is-amazon-publisher-services-about-to-go-supernova-in-mobile
2025-12-12 18:23:50,131 INFO Unchanged: https://www.felixbraberg.com/blog
2025-12-12 18:23:50,144 INFO Unchanged: https://www.felixbraberg.com/post/the-price-of-progress-the-revenue-impact-of-google-deprecating-placements-and-gam-resellers
2025-12-12 18:23:50,151 INFO Unchanged: https://www.felixbraberg.com/post/the-end-of-gam-and-admob-placement-refreshes
2025-12-12 18:23:50,154 INFO Unchanged: https://www.felixbraberg.com/post/google-s-new-cmp-requirements-integrate-or-die
2025-12-12 18:23:50,191 INFO Unchanged: https://www.felixbraberg.com/post/is-admob-removing-its-three-placement-limit
2025-12-12 18:23:50,265 INFO Unchanged: https://www.felixbraberg.com/post/3-ad-monetization-tips-on-how-maximize-fill-in-india
2025-12-12 18:23:51,270 INFO === SCRAPING MichaelKopelovich ===
2025-12-12 18:23:52,469 INFO Page https://www.gamigion.com/author/kopelovich -> 27 links
2025-12-12 18:23:53,856 INFO Page https://www.gamigion.com/author/kopelovich/page/2/ -> 28 links
2025-12-12 18:23:54,659 INFO Page https://www.gamigion.com/author/kopelovich/page/3/ -> 28 links
2025-12-12 18:23:55,904 INFO Page https://www.gamigion.com/author/kopelovich/page/4/ -> 28 links
2025-12-12 18:23:56,796 INFO Page https://www.gamigion.com/author/kopelovich/page/5/ -> 28 links
2025-12-12 18:23:57,554 INFO Page https://www.gamigion.com/author/kopelovich/page/6/ -> 28 links
2025-12-12 18:23:58,312 INFO Page https://www.gamigion.com/author/kopelovich/page/7/ -> 28 links
2025-12-12 18:23:59,004 INFO Page https://www.gamigion.com/author/kopelovich/page/8/ -> 28 links
2025-12-12 18:23:59,686 INFO Page https://www.gamigion.com/author/kopelovich/page/9/ -> 28 links
2025-12-12 18:24:00,403 INFO Page https://www.gamigion.com/author/kopelovich/page/10/ -> 28 links
2025-12-12 18:24:01,026 INFO Page https://www.gamigion.com/author/kopelovich/page/11/ -> 28 links
2025-12-12 18:24:01,789 INFO Page https://www.gamigion.com/author/kopelovich/page/12/ -> 28 links
2025-12-12 18:24:02,442 INFO Page https://www.gamigion.com/author/kopelovich/page/13/ -> 28 links
2025-12-12 18:24:03,221 INFO Page https://www.gamigion.com/author/kopelovich/page/14/ -> 28 links
2025-12-12 18:24:04,162 INFO Page https://www.gamigion.com/author/kopelovich/page/15/ -> 18 links
2025-12-12 18:24:04,181 INFO MichaelKopelovich: FOUND 213 article links
2025-12-12 18:24:05,410 INFO Unchanged: https://www.gamigion.com/author/kopelovich
2025-12-12 18:24:05,602 INFO Saved: https://www.gamigion.com/games-radar -> 001_Games Radar - Gamigion Mobile Games Industry News.md
2025-12-12 18:24:05,983 INFO Unchanged: https://www.gamigion.com/category/events
2025-12-12 18:24:06,073 INFO Unchanged: https://www.gamigion.com/category/game-radar
2025-12-12 18:24:06,762 INFO Unchanged: https://www.gamigion.com/category/highlights
2025-12-12 18:24:06,805 INFO Unchanged: https://www.gamigion.com/category/reports
2025-12-12 18:24:07,688 INFO Unchanged: https://www.gamigion.com/category/analysis
2025-12-12 18:24:16,714 WARNING Request error HTTPSConnectionPool(host='www.gamigion.com', port=443): Read timed out. (read timeout=12) (attempt 1) for https://www.gamigion.com/about
2025-12-12 18:24:16,714 WARNING Request error HTTPSConnectionPool(host='www.gamigion.com', port=443): Read timed out. (read timeout=12) (attempt 1) for https://www.gamigion.com/reports
2025-12-12 18:24:16,714 WARNING Request error HTTPSConnectionPool(host='www.gamigion.com', port=443): Read timed out. (read timeout=12) (attempt 1) for https://www.gamigion.com/journal
2025-12-12 18:24:16,746 WARNING Request error HTTPSConnectionPool(host='www.gamigion.com', port=443): Read timed out. (read timeout=12) (attempt 1) for https://www.gamigion.com/events
2025-12-12 18:24:17,998 WARNING Request error HTTPSConnectionPool(host='www.gamigion.com', port=443): Read timed out. (read timeout=12) (attempt 1) for https://www.gamigion.com/category/journal
2025-12-12 18:24:18,770 WARNING Request error HTTPSConnectionPool(host='www.gamigion.com', port=443): Read timed out. (read timeout=12) (attempt 1) for https://www.gamigion.com/december-in-mobile-games-ip-season
2025-12-12 18:24:18,819 WARNING Request error HTTPSConnectionPool(host='www.gamigion.com', port=443): Read timed out. (read timeout=12) (attempt 1) for https://www.gamigion.com/spotted-in-monopoly-go-by-scopely
2025-12-12 18:24:19,693 WARNING Request error HTTPSConnectionPool(host='www.gamigion.com', port=443): Read timed out. (read timeout=12) (attempt 1) for https://www.gamigion.com/spotted-in-legend-of-elements-by-joy-nice-games
2025-12-12 18:24:30,133 WARNING Request error HTTPSConnectionPool(host='www.gamigion.com', port=443): Read timed out. (read timeout=12) (attempt 2) for https://www.gamigion.com/events
2025-12-12 18:24:30,133 WARNING Request error HTTPSConnectionPool(host='www.gamigion.com', port=443): Read timed out. (read timeout=12) (attempt 2) for https://www.gamigion.com/reports
2025-12-12 18:24:30,149 WARNING Request error HTTPSConnectionPool(host='www.gamigion.com', port=443): Read timed out. (read timeout=12) (attempt 2) for https://www.gamigion.com/journal
2025-12-12 18:24:30,149 WARNING Request error HTTPSConnectionPool(host='www.gamigion.com', port=443): Read timed out. (read timeout=12) (attempt 2) for https://www.gamigion.com/about
2025-12-12 18:24:32,202 WARNING Request error HTTPSConnectionPool(host='www.gamigion.com', port=443): Read timed out. (read timeout=12) (attempt 2) for https://www.gamigion.com/december-in-mobile-games-ip-season
2025-12-12 18:24:32,445 WARNING Request error HTTPSConnectionPool(host='www.gamigion.com', port=443): Read timed out. (read timeout=12) (attempt 2) for https://www.gamigion.com/spotted-in-monopoly-go-by-scopely
2025-12-12 18:24:33,363 WARNING Request error HTTPSConnectionPool(host='www.gamigion.com', port=443): Read timed out. (read timeout=12) (attempt 2) for https://www.gamigion.com/spotted-in-legend-of-elements-by-joy-nice-games
2025-12-12 18:24:33,562 WARNING Request error HTTPSConnectionPool(host='www.gamigion.com', port=443): Read timed out. (read timeout=12) (attempt 2) for https://www.gamigion.com/category/journal
2025-12-12 18:24:38,605 INFO Saved: https://www.gamigion.com/events -> 004_Events - Gamigion Mobile Games Industry News.md
2025-12-12 18:24:39,160 INFO Saved: https://www.gamigion.com/reports -> 003_Reports - Gamigion Mobile Games Industry News.md
2025-12-12 18:24:42,502 INFO Saved: https://www.gamigion.com/category/journal -> 011_My 2026 Gaming Predictions.md
2025-12-12 18:24:44,098 INFO Saved: https://www.gamigion.com/journal -> 002_Journal - Gamigion Mobile Games Industry News.md
2025-12-12 18:24:47,529 INFO Saved: https://www.gamigion.com/about -> 005_Whos there - Gamigion Mobile Games Industry News.md
2025-12-12 18:24:48,877 INFO Saved: https://www.gamigion.com/december-in-mobile-games-ip-season -> 013_December in Mobile Games  IP Season.md
2025-12-12 18:24:50,651 INFO Saved: https://www.gamigion.com/spotted-in-monopoly-go-by-scopely -> 014_Spotted in MONOPOLY GO by Scopely.md
2025-12-12 18:24:52,829 INFO Saved: https://www.gamigion.com/spotted-in-legend-of-elements-by-joy-nice-games -> 015_Spotted in Legend of Elements by Joy Nice Games.md
2025-12-12 18:24:53,562 INFO Saved: https://www.gamigion.com/combining-a-deal-a-spin-wheel-in-one-screen -> 016_Combining a deal  a spin wheel in one screen.md
2025-12-12 18:24:53,779 INFO Saved: https://www.gamigion.com/spotted-in-disney-magic-match-3d -> 017_Spotted in Disney Magic Match 3D.md
2025-12-12 18:24:54,482 INFO Unchanged: https://www.gamigion.com/author/kopelovich/page/2
2025-12-12 18:24:55,172 INFO Saved: https://www.gamigion.com/spotted-in-pencil-sort-by-onetap-global -> 018_Spotted in Pencil Sort by Onetap Global.md
2025-12-12 18:24:56,005 INFO Saved: https://www.gamigion.com/spotted-this-in-zen-match -> 019_Spotted this in Zen Match.md
2025-12-12 18:25:01,324 INFO Unchanged: https://www.gamigion.com/wp-login.php?action=lostpassword
2025-12-12 18:25:04,318 INFO Saved: https://www.gamigion.com/spotted-in-triple-factory-visual-reward-path-integrated-into-the-ftue -> 021_Spotted in Triple Factory Visual reward path integrated into the FTUE.md
2025-12-12 18:25:04,844 INFO Saved: https://www.gamigion.com/interesting-design-choice-in-gossip-harbors-wheel-of-chance -> 020_Interesting design choice in Gossip Harbors Wheel of Chance.md
2025-12-12 18:25:04,876 INFO Saved: https://www.gamigion.com/wp-login.php?redirect_to=https%3A%2F%2Fwww.gamigion.com%2Fdecember-in-mobile-games-ip-season%2F&action=register -> 026_untitled.md
2025-12-12 18:25:05,006 INFO Saved: https://www.gamigion.com/spotted-this-small-but-interesting-rewarded-placement -> 023_Spotted this small but interesting Rewarded Placement.md
2025-12-12 18:25:06,205 INFO Saved: https://www.gamigion.com/brawl-stars-x-stranger-things -> 022_Brawl Stars x Stranger Things.md
2025-12-12 18:25:09,056 INFO Saved: https://www.gamigion.com/spotted-something-cool-in-royal-match -> 024_Spotted something cool in Royal Match.md
2025-12-12 18:25:10,330 INFO Saved: https://www.gamigion.com/spotted-in-ghost-invasion-by-miniclip -> 028_Spotted in Ghost Invasion by Miniclip.md
2025-12-12 18:25:15,971 INFO Saved: https://www.gamigion.com/spotted-in-water-out-puzzle-by-hm-games -> 029_Spotted in Water Out Puzzle by HM Games.md
2025-12-12 18:25:18,522 INFO Saved: https://www.gamigion.com/spotted-in-gossip-harbor-by-microfun -> 030_Spotted in Gossip Harbor by Microfun.md
2025-12-12 18:25:21,046 INFO Saved: https://www.gamigion.com/love-this-rewarded-video-placement-on-the-level-map-in-fortress-merge -> 031_Love this rewarded video placement on the level map in Fortress Merge.md
2025-12-12 18:25:22,366 INFO Saved: https://www.gamigion.com/fan-of-event-loading-screens-in-mobile-games -> 032_Fan of event loading screens in mobile games.md
2025-12-12 18:25:23,110 INFO Unchanged: https://www.gamigion.com/author/kopelovich/page/3
2025-12-12 18:25:24,467 INFO Saved: https://www.gamigion.com/monopoly-go-x-mcdonalds -> 033_MONOPOLY GO x McDonalds.md
2025-12-12 18:25:24,889 INFO Saved: https://www.gamigion.com/spotted-in-survivor-io-by-habby-weekly-goodies -> 034_Spotted in Survivorio by Habby Weekly Goodies.md
2025-12-12 18:25:25,210 INFO Saved: https://www.gamigion.com/spotted-a-clever-retention-trick-on-ios-in-block-jam -> 035_Spotted a clever retention trick on iOS in Block Jam.md
2025-12-12 18:25:28,090 INFO Saved: https://www.gamigion.com/com2us-minion-rumble-is-featuring-habbys-capybara-go -> 036_Com2uS Minion Rumble is featuring Habbys Capybara Go.md
2025-12-12 18:25:30,851 INFO Saved: https://www.gamigion.com/spotted-in-souls-by-habby-a-smart-twist-on-daily-login-rewards -> 037_Spotted in Souls by Habby a smart twist on daily login rewards.md
2025-12-12 18:25:31,980 INFO Saved: https://www.gamigion.com/loved-this-little-ui-detail-in-magic-sort -> 038_Loved this little UI detail in Magic Sort.md
2025-12-12 18:25:33,561 INFO Saved: https://www.gamigion.com/spotted-two-interesting-social-layers-in-coin-master -> 039_Spotted two interesting social layers in Coin Master.md
2025-12-12 18:25:35,277 INFO Saved: https://www.gamigion.com/wp-login.php?redirect_to=https%3A%2F%2Fwww.gamigion.com%2Fspotted-in-ghost-invasion-by-miniclip%2F&action=register -> 041_untitled.md
2025-12-12 18:25:38,287 INFO Saved: https://www.gamigion.com/capybara-go-x-teenage-mutant-ninja-turtles -> 042_Capybara Go x Teenage Mutant Ninja Turtles.md
2025-12-12 18:25:39,121 INFO Saved: https://www.gamigion.com/mobile-game-monetization-design-insights-sep-14-19 -> 043_Mobile Game Monetization  Design Insights Sep 14-19.md
2025-12-12 18:25:41,967 INFO Saved: https://www.gamigion.com/%f0%9f%8e%af-event-calendars-in-mobile-games -> 044_Event Calendars in Mobile Games.md
2025-12-12 18:25:42,833 INFO Saved: https://www.gamigion.com/spotted-something-interesting-in-legend-of-mushroom -> 046_Spotted something interesting in Legend of Mushroom.md
2025-12-12 18:25:43,141 INFO Saved: https://www.gamigion.com/exploring-fun-ways-to-surprise-players-with-rewards -> 045_Exploring fun ways to surprise players with rewards.md
2025-12-12 18:25:46,328 INFO Saved: https://www.gamigion.com/mobile-game-monetization-design-insights-september-recap -> 047_Mobile Game Monetization  Design Insights Sep 8-14.md
2025-12-12 18:25:46,441 INFO Unchanged: https://www.gamigion.com/author/kopelovich/page/4
2025-12-12 18:25:46,721 INFO Saved: https://www.gamigion.com/back-to-school-meets-in-game-offers -> 048_Back to School meets in-game offers.md
2025-12-12 18:25:47,718 INFO Saved: https://www.gamigion.com/fortress-merge-speed-up-offers -> 049_Fortress Merge Speed Up Offers.md
2025-12-12 18:25:51,613 INFO Saved: https://www.gamigion.com/spotted-these-fun-follow-screens-in-coin-master -> 050_Spotted these fun follow screens in Coin Master.md
2025-12-12 18:25:52,561 INFO Saved: https://www.gamigion.com/nice-touch-in-archero-2-choose-your-own-reward -> 051_Nice touch in Archero 2 Choose your own reward.md
2025-12-12 18:25:55,008 INFO Saved: https://www.gamigion.com/an-interesting-rv-placement-at-the-level-start-screen -> 052_An interesting RV placement at the level start screen.md
2025-12-12 18:25:57,076 INFO Saved: https://www.gamigion.com/spotted-a-fun-event-in-minion-rumble -> 053_Spotted a fun event in Minion Rumble.md
2025-12-12 18:25:58,433 INFO Saved: https://www.gamigion.com/wp-login.php?redirect_to=https%3A%2F%2Fwww.gamigion.com%2Fcapybara-go-x-teenage-mutant-ninja-turtles%2F&action=register -> 055_untitled.md
2025-12-12 18:26:01,859 INFO Saved: https://www.gamigion.com/such-a-simple-but-powerful-ux-touch -> 058_Such a simple but powerful UX touch.md
2025-12-12 18:26:02,237 INFO Saved: https://www.gamigion.com/the-power-of-partnership-in-mobile-gaming-part-10 -> 057_The Power of Partnership in Mobile Gaming  Part 10.md
2025-12-12 18:26:02,782 INFO Saved: https://www.gamigion.com/welcome-back-pass-designed-for-returning-users-on-survivor-io -> 056_Welcome Back Pass designed for returning users on Survivorio.md
2025-12-12 18:26:05,444 INFO Saved: https://www.gamigion.com/love-this-smart-rewarded-flow-in-mob-control-by-voodoo -> 059_Love this smart Rewarded flow in Mob Control by Voodoo.md
2025-12-12 18:26:06,257 INFO Saved: https://www.gamigion.com/car-match-by-grand-games-is-full-of-thoughtful-touches -> 060_Car Match by Grand Games is full of thoughtful touches.md
2025-12-12 18:26:07,695 INFO Unchanged: https://www.gamigion.com/author/kopelovich/page/5
2025-12-12 18:26:09,761 INFO Saved: https://www.gamigion.com/just-loved-this-clean-offer-design-from-color-slide-by-saygames -> 061_Just loved this clean offer design from Color Slide by SayGames.md
2025-12-12 18:26:11,094 INFO Saved: https://www.gamigion.com/loved-this-3-day-starter-pack-design -> 062_Loved this 3-day starter pack design.md
2025-12-12 18:26:11,878 INFO Saved: https://www.gamigion.com/in-game-discord-invite-in-cook-merge-by-supersolid -> 063_in-game Discord invite in Cook  Merge by Supersolid.md
2025-12-12 18:26:16,390 INFO Saved: https://www.gamigion.com/car-match-by-grand-games-surprised-by-their-daily-task-system -> 064_Car Match by Grand Games Surprised by their Daily Task system.md
2025-12-12 18:26:16,618 INFO Saved: https://www.gamigion.com/noticed-this-cross-promo-in-word-trip-by-playsimple-games -> 065_Noticed this cross-promo in Word Trip by PlaySimple Games.md
2025-12-12 18:26:17,232 INFO Saved: https://www.gamigion.com/the-complete-guide-to-sort-games-monetization-part-2 -> 066_The Complete Guide to Sort Games Monetization  Part 2.md
2025-12-12 18:26:18,191 INFO Saved: https://www.gamigion.com/welcome-back-event -> 067_Welcome Back event.md
2025-12-12 18:26:20,963 INFO Saved: https://www.gamigion.com/wp-login.php?redirect_to=https%3A%2F%2Fwww.gamigion.com%2Fwelcome-back-pass-designed-for-returning-users-on-survivor-io%2F&action=register -> 069_untitled.md
2025-12-12 18:26:23,505 INFO Saved: https://www.gamigion.com/another-new-cat-themed-puzzle-game-just-dropped -> 070_Another new cat-themed puzzle game just dropped.md
2025-12-12 18:26:24,797 INFO Saved: https://www.gamigion.com/putting-emoji-in-your-apps-name -> 071_Putting emoji in your Apps name.md
2025-12-12 18:26:25,665 INFO Saved: https://www.gamigion.com/an-event-gated-behind-a-paywall-from-coin-master -> 072_An event gated behind a paywall from Coin Master.md
2025-12-12 18:26:30,125 INFO Saved: https://www.gamigion.com/interesting-twist-on-daily-goals-in-cake-sort-by-lion-studios -> 074_Interesting twist on daily goals in Cake Sort by Lion Studios.md
2025-12-12 18:26:30,882 INFO Saved: https://www.gamigion.com/spotted-a-clever-twist-in-chum-chums-battle-pass -> 076_Spotted a clever twist in Chum Chums battle pass.md
2025-12-12 18:26:31,677 INFO Saved: https://www.gamigion.com/missed-a-day-in-your-daily-login-streak -> 075_Missed a day in your daily login streak.md
2025-12-12 18:26:32,308 INFO Unchanged: https://www.gamigion.com/author/kopelovich/page/6
2025-12-12 18:26:33,651 INFO Saved: https://www.gamigion.com/really-liked-this-small-ui-touch-in-block-jam -> 077_Really liked this small UI touch in Block Jam.md
2025-12-12 18:26:33,676 INFO Saved: https://www.gamigion.com/full-event-gated-behind-a-one-time-payment -> 073_Full event gated behind a one-time payment.md
2025-12-12 18:26:37,597 INFO Saved: https://www.gamigion.com/upgradable-piggy-banks-long-term-monetization-layer -> 078_Upgradable Piggy Banks Long-term Monetization Layer.md
2025-12-12 18:26:40,426 INFO Saved: https://www.gamigion.com/adorable-seasonal-icon-update-for-screw-jam -> 079_Adorable seasonal icon update for Screw Jam.md
2025-12-12 18:26:41,488 INFO Saved: https://www.gamigion.com/make-any-purchase-and-get-rewarded -> 080_Make ANY purchase and get rewarded.md
2025-12-12 18:26:43,716 INFO Saved: https://www.gamigion.com/royal-match-really-knows-how-to-make-small-wins-feel-huge -> 081_Royal Match really knows how to make small wins feel huge.md
2025-12-12 18:26:47,044 INFO Saved: https://www.gamigion.com/wp-login.php?redirect_to=https%3A%2F%2Fwww.gamigion.com%2Fanother-new-cat-themed-puzzle-game-just-dropped%2F&action=register -> 083_untitled.md
2025-12-12 18:26:50,828 INFO Saved: https://www.gamigion.com/most-news-tabs-in-social-casino-games-are-forgettable -> 085_Most news tabs in social casino games are forgettable.md
2025-12-12 18:26:51,117 INFO Saved: https://www.gamigion.com/the-power-of-partnership-mobile-gaming-collaborations-2 -> 084_The Power of Partnership Mobile Gaming Collaborations.md
2025-12-12 18:26:51,222 INFO Saved: https://www.gamigion.com/just-hit-my-1-year-anniversary-in-monopoly-go -> 086_Just hit my 1-year anniversary in MONOPOLY GO.md
2025-12-12 18:26:54,447 INFO Saved: https://www.gamigion.com/live-activities-beyond-games-real-world-example -> 087_Live Activities Beyond Games Real-World Example.md
2025-12-12 18:26:54,865 INFO Saved: https://www.gamigion.com/welcome-back-reward-screen-in-dice-dreams -> 088_Welcome Back reward screen in Dice Dreams.md
2025-12-12 18:26:55,761 INFO Unchanged: https://www.gamigion.com/author/kopelovich/page/7
2025-12-12 18:26:56,412 INFO Saved: https://www.gamigion.com/level-failed-no-problem -> 091_Level failed No problem.md
2025-12-12 18:26:57,769 INFO Saved: https://www.gamigion.com/daily-weekly-challenge-setup-in-time-blast -> 089_Daily  Weekly Challenge setup in Time Blast.md
2025-12-12 18:26:58,161 INFO Saved: https://www.gamigion.com/wheel-of-cats-with-a-twist -> 090_Wheel of Cats with a twist.md
2025-12-12 18:27:04,947 INFO Saved: https://www.gamigion.com/perfect-gaming-app-icon -> 093_Perfect Gaming App Icon.md
2025-12-12 18:27:05,404 INFO Saved: https://www.gamigion.com/interesting-approach-in-cake-sort-by-lion-studios -> 092_Interesting approach in Cake Sort by Lion Studios.md
2025-12-12 18:27:06,721 INFO Saved: https://www.gamigion.com/cake-sorts-x2-rewarded-video-option -> 095_Cake Sorts x2 Rewarded Video Option.md
2025-12-12 18:27:07,789 INFO Saved: https://www.gamigion.com/wp-login.php?redirect_to=https%3A%2F%2Fwww.gamigion.com%2Fthe-power-of-partnership-mobile-gaming-collaborations-2%2F&action=register -> 097_untitled.md
2025-12-12 18:27:08,951 INFO Saved: https://www.gamigion.com/parental-controls-in-mobile-games -> 094_Parental controls in Mobile Games.md
2025-12-12 18:27:11,047 INFO Saved: https://www.gamigion.com/sort-games-monetization-complete-guide -> 098_Sort Games Monetization Complete Guide.md
2025-12-12 18:27:11,747 INFO Saved: https://www.gamigion.com/good-rv-placement-in-cake-await -> 099_Good RV Placement in Cake Await.md
2025-12-12 18:27:13,578 INFO Saved: https://www.gamigion.com/new-take-in-coin-master-team-up-for-daily-challenges -> 100_New Take in Coin Master Team Up for Daily Challenges.md
2025-12-12 18:27:18,969 INFO Saved: https://www.gamigion.com/apple-live-activities-being-used-in-a-mobile-game -> 102_Apple Live Activities being used in a Mobile Game.md
2025-12-12 18:27:20,150 INFO Saved: https://www.gamigion.com/email-sign-ups-done-right -> 101_Email Sign-Ups Done Right.md
2025-12-12 18:27:20,437 INFO Saved: https://www.gamigion.com/summoners-war-x-demon-slayer-collaboration -> 103_Summoners War x Demon Slayer Collaboration.md
2025-12-12 18:27:21,140 INFO Unchanged: https://www.gamigion.com/author/kopelovich/page/8
2025-12-12 18:27:23,355 INFO Saved: https://www.gamigion.com/game-changer-display-for-mobile-games -> 104_Game-changer Display for Mobile Games.md
2025-12-12 18:27:25,079 INFO Saved: https://www.gamigion.com/interesting-event-in-royal-kingdom -> 105_Interesting event in Royal Kingdom.md
2025-12-12 18:27:26,131 INFO Saved: https://www.gamigion.com/daily-rewards-design-in-block-heads -> 107_Daily rewards design in Block Heads.md
2025-12-12 18:27:26,696 INFO Saved: https://www.gamigion.com/merge-games-monetization-complete-guide -> 106_Merge Games Monetization Complete Guide.md
2025-12-12 18:27:27,458 INFO Saved: https://www.gamigion.com/interesting-approach-by-dice-dreams -> 112_Interesting Approach by Dice Dreams.md
2025-12-12 18:27:28,367 INFO Saved: https://www.gamigion.com/streak-mechanic-turned-into-a-time-limited-event-progression -> 108_Streak mechanic turned into a time-limited event progression.md
2025-12-12 18:27:32,415 INFO Saved: https://www.gamigion.com/wp-login.php?redirect_to=https%3A%2F%2Fwww.gamigion.com%2Fsort-games-monetization-complete-guide%2F&action=register -> 111_untitled.md
2025-12-12 18:27:33,039 INFO Saved: https://www.gamigion.com/interesting-take-on-a-rolling-offer-from-coin-master -> 109_Interesting take on a rolling offer from Coin Master.md
2025-12-12 18:27:37,564 INFO Saved: https://www.gamigion.com/hooked-on-little-farm-story -> 113_Hooked on Little Farm Story.md
2025-12-12 18:27:39,747 INFO Saved: https://www.gamigion.com/monetization-in-sort-games-a-sneak-peek -> 114_Monetization in Sort Games  A Sneak Peek.md
2025-12-12 18:27:40,947 INFO Saved: https://www.gamigion.com/the-power-of-partnership-mobile-gaming-collaborations -> 116_The Power of Partnership Mobile Gaming Collaborations.md
2025-12-12 18:27:41,164 INFO Saved: https://www.gamigion.com/would-love-to-see-more-games-implementing-this -> 115_Would love to see more games implementing this.md
2025-12-12 18:27:42,272 INFO Unchanged: https://www.gamigion.com/author/kopelovich/page/9
2025-12-12 18:27:42,659 INFO Saved: https://www.gamigion.com/love-this-rolling-offer-design-in-coin-master -> 117_Love this rolling offer design in Coin Master.md
2025-12-12 18:27:43,080 INFO Saved: https://www.gamigion.com/welcome-back-screen-from-travel-town-by-moon-active -> 118_Welcome Back screen from Travel Town by Moon Active.md
2025-12-12 18:27:45,744 INFO Saved: https://www.gamigion.com/digging-deeper-with-gossip-harbor -> 119_Digging deeper with Gossip Harbor.md
2025-12-12 18:27:46,539 INFO Saved: https://www.gamigion.com/archero-2-onboarding-done-right -> 120_Archero 2 Onboarding done right.md
2025-12-12 18:27:51,851 INFO Saved: https://www.gamigion.com/saygames-is-stepping-up-its-no-ads-offer-game -> 121_SayGames is stepping up its no-ads offer game.md
2025-12-12 18:27:52,772 INFO Saved: https://www.gamigion.com/welcome-back-with-style -> 122_Welcome Back with Style.md
2025-12-12 18:27:53,464 INFO Saved: https://www.gamigion.com/wp-login.php?redirect_to=https%3A%2F%2Fwww.gamigion.com%2Finteresting-approach-by-dice-dreams%2F&action=register -> 125_untitled.md
2025-12-12 18:27:53,714 INFO Saved: https://www.gamigion.com/reaching-every-player-type -> 123_Reaching Every Player Type.md
2025-12-12 18:27:54,654 INFO Saved: https://www.gamigion.com/dynamic-offers-in-action -> 126_Dynamic Offers in Action.md
2025-12-12 18:27:57,493 INFO Saved: https://www.gamigion.com/crafting-player-centric-experiences -> 127_Crafting Player-Centric Experiences.md
2025-12-12 18:27:59,625 INFO Saved: https://www.gamigion.com/interesting-offer-in-coin-master-by-moon-active -> 128_Interesting offer in Coin Master by Moon Active.md
2025-12-12 18:28:00,469 INFO Saved: https://www.gamigion.com/cross-promotion-pop-up-carousel -> 129_Cross Promotion Pop-up Carousel.md
2025-12-12 18:28:05,668 INFO Saved: https://www.gamigion.com/gpt-vs-royal-match-can-ai-win-a-hard-level -> 131_GPT vs Royal Match Can AI Win a Hard Level.md
2025-12-12 18:28:06,770 INFO Saved: https://www.gamigion.com/christmas-loading-screens-in-games -> 130_Christmas Loading Screens in Games.md
2025-12-12 18:28:07,200 INFO Unchanged: https://www.gamigion.com/author/kopelovich/page/10
2025-12-12 18:28:07,445 INFO Saved: https://www.gamigion.com/smart-design-meets-convenience -> 133_Smart Design Meets Convenience.md
2025-12-12 18:28:07,668 INFO Saved: https://www.gamigion.com/creative-animation-alert -> 132_Creative Animation Alert.md
2025-12-12 18:28:08,075 INFO Saved: https://www.gamigion.com/the-power-of-partnerships-in-gaming -> 134_The Power of Partnerships in Gaming.md
2025-12-12 18:28:12,733 INFO Saved: https://www.gamigion.com/feedback-made-simple -> 135_Feedback Made Simple.md
2025-12-12 18:28:12,895 INFO Saved: https://www.gamigion.com/teamwork-meets-fomo-in-royal-kingdom -> 136_Teamwork Meets FOMO in Royal Kingdom.md
2025-12-12 18:28:14,249 INFO Saved: https://www.gamigion.com/ad-flow-in-sticker-book-by-lion-studios -> 137_Ad Flow in Sticker Book by Lion Studios.md
2025-12-12 18:28:20,419 INFO Saved: https://www.gamigion.com/wp-login.php?redirect_to=https%3A%2F%2Fwww.gamigion.com%2Fdynamic-offers-in-action%2F&action=register -> 139_untitled.md
2025-12-12 18:28:21,898 INFO Saved: https://www.gamigion.com/twisted-tangles-smart-monetization-choices -> 141_Twisted Tangles Smart Monetization Choices.md
2025-12-12 18:28:21,921 INFO Saved: https://www.gamigion.com/coin-masters-build-your-own-offers-%f0%9f%90%b7 -> 140_Coin Masters Build-Your-Own Offers.md
2025-12-12 18:28:26,474 INFO Saved: https://www.gamigion.com/subtle-psychology-at-play-%f0%9f%94%a5 -> 142_Subtle Psychology at Play.md
2025-12-12 18:28:27,924 INFO Saved: https://www.gamigion.com/just-discovered-something-cool-in-sticker-book -> 145_Just Discovered Something Cool in Sticker Book.md
2025-12-12 18:28:28,482 INFO Saved: https://www.gamigion.com/power-boost-unlocked-in-travel-town -> 146_Power Boost Unlocked in Travel Town.md
2025-12-12 18:28:28,789 INFO Saved: https://www.gamigion.com/smart-live-ops-integration-at-level-start-end -> 143_Smart Live-Ops Integration at Level StartEnd.md
2025-12-12 18:28:29,263 INFO Saved: https://www.gamigion.com/bringing-friends-bigger-rewards -> 144_Bringing Friends  Bigger Rewards.md
2025-12-12 18:28:29,495 INFO Unchanged: https://www.gamigion.com/author/kopelovich/page/11
2025-12-12 18:28:34,041 INFO Saved: https://www.gamigion.com/fun-rewarding-screen-in-piggy-go -> 147_Fun  Rewarding Screen in Piggy GO.md
2025-12-12 18:28:36,681 INFO Saved: https://www.gamigion.com/no-ads-ui-integration-by-lion-studios -> 149_No-Ads UI Integration by Lion Studios.md
2025-12-12 18:28:36,927 INFO Saved: https://www.gamigion.com/rolling-rv-offers-in-fish-of-fortune -> 148_Rolling RV Offers in Fish of Fortune.md
2025-12-12 18:28:38,704 INFO Saved: https://www.gamigion.com/ad-free-options-in-tetris-block-puzzle -> 150_Ad-Free Options in Tetris Block Puzzle.md
2025-12-12 18:28:40,248 INFO Saved: https://www.gamigion.com/wp-login.php?redirect_to=https%3A%2F%2Fwww.gamigion.com%2Fcoin-masters-build-your-own-offers-%25f0%259f%2590%25b7%2F&action=register -> 153_untitled.md
2025-12-12 18:28:40,773 INFO Saved: https://www.gamigion.com/unlocking-skip-it-strategies-in-coin-sort-by-lion-studios -> 151_Unlocking Skip-it Strategies in Coin Sort by Lion Studios.md
2025-12-12 18:28:43,475 INFO Saved: https://www.gamigion.com/coin-masters-rolling-offer-in-their-token-thunder-event -> 155_Coin Masters Rolling Offer in their Token Thunder event.md
2025-12-12 18:28:44,931 INFO Saved: https://www.gamigion.com/super-cool-event-in-twisted-tangle-by-rollic-games -> 154_Super Cool Event in Twisted Tangle by Rollic Games.md
2025-12-12 18:28:53,028 INFO Saved: https://www.gamigion.com/chum-chum-by-big-fish-games-super-cute-match-3-blast -> 156_Chum Chum by Big Fish Games Super Cute Match-3 Blast.md
2025-12-12 18:28:55,486 WARNING Request error HTTPSConnectionPool(host='www.gamigion.com', port=443): Read timed out. (read timeout=12) (attempt 1) for https://www.gamigion.com/boost-your-team-boost-your-game
2025-12-12 18:28:56,211 WARNING Request error HTTPSConnectionPool(host='www.gamigion.com', port=443): Read timed out. (read timeout=12) (attempt 1) for https://www.gamigion.com/monetizing-live-ops-events-exploring-key-examples-2
2025-12-12 18:28:56,354 INFO Saved: https://www.gamigion.com/happy-halloween-to-all-my-us-readers -> 157_Happy Halloween to all my US readers.md
2025-12-12 18:28:56,935 WARNING Request error HTTPSConnectionPool(host='www.gamigion.com', port=443): Read timed out. (read timeout=12) (attempt 1) for https://www.gamigion.com/fun-mechanic-in-dice-dreams-piggy-wheel
2025-12-12 18:28:56,935 WARNING Request error HTTPSConnectionPool(host='www.gamigion.com', port=443): Read timed out. (read timeout=12) (attempt 1) for https://www.gamigion.com/take-note-casual-game-developers
2025-12-12 18:28:59,302 WARNING Request error HTTPSConnectionPool(host='www.gamigion.com', port=443): Read timed out. (read timeout=12) (attempt 1) for https://www.gamigion.com/royal-match-dragon-nest-event
2025-12-12 18:28:59,641 INFO Saved: https://www.gamigion.com/take-note-casual-game-developers -> 160_Take note casual game developers.md
2025-12-12 18:29:00,690 INFO Unchanged: https://www.gamigion.com/author/kopelovich/page/12
2025-12-12 18:29:02,612 INFO Saved: https://www.gamigion.com/interesting-offer-in-tile-busters-buying-new-avatars -> 161_Interesting offer in Tile Busters Buying New Avatars.md
2025-12-12 18:29:06,349 INFO Saved: https://www.gamigion.com/monetizing-live-ops-events-exploring-key-examples-2 -> 158_Monetizing Live-Ops Events Exploring Key Examples.md
2025-12-12 18:29:10,878 INFO Saved: https://www.gamigion.com/gossip-harbor-by-microfun -> 164_Gossip Harbor by Microfun.md
2025-12-12 18:29:12,141 INFO Saved: https://www.gamigion.com/awesome-ad-for-solitaire-grand-harvest-by-playtika -> 165_Awesome ad for Solitaire Grand Harvest by Playtika.md
2025-12-12 18:29:13,250 INFO Saved: https://www.gamigion.com/fun-mechanic-in-dice-dreams-piggy-wheel -> 163_Fun mechanic in Dice Dreams Piggy Wheel.md
2025-12-12 18:29:13,529 INFO Saved: https://www.gamigion.com/boost-your-team-boost-your-game -> 162_Boost Your Team Boost Your Game.md
2025-12-12 18:29:13,988 INFO Saved: https://www.gamigion.com/wp-login.php?redirect_to=https%3A%2F%2Fwww.gamigion.com%2Fsuper-cool-event-in-twisted-tangle-by-rollic-games%2F&action=register -> 167_untitled.md
2025-12-12 18:29:14,004 INFO Saved: https://www.gamigion.com/royal-match-dragon-nest-event -> 159_Royal Match Dragon Nest Event.md
2025-12-12 18:29:18,313 INFO Saved: https://www.gamigion.com/nostalgia-the-appeal-of-card-albums-in-mobile-games -> 168_Nostalgia The Appeal of Card Albums in Mobile Games.md
2025-12-12 18:29:21,918 INFO Saved: https://www.gamigion.com/interesting-approach-in-unpuzzle-by-hypercell -> 169_Interesting approach in Unpuzzle by HYPERCELL.md
2025-12-12 18:30:14,259 WARNING Request error ('Connection aborted.', RemoteDisconnected('Remote end closed connection without response')) (attempt 1) for https://www.gamigion.com/fish-of-fortune-by-whalo
2025-12-12 18:30:14,259 WARNING Request error ('Connection aborted.', RemoteDisconnected('Remote end closed connection without response')) (attempt 1) for https://www.gamigion.com/monetizing-live-ops-events-exploring-key-examples
2025-12-12 18:30:14,265 WARNING Request error ('Connection aborted.', RemoteDisconnected('Remote end closed connection without response')) (attempt 1) for https://www.gamigion.com/chest-opening-animation-in-royal-match
2025-12-12 18:30:14,265 WARNING Request error ('Connection aborted.', RemoteDisconnected('Remote end closed connection without response')) (attempt 1) for https://www.gamigion.com/pin-out-master-hamster-kombat
2025-12-12 18:30:14,265 WARNING Request error ('Connection aborted.', RemoteDisconnected('Remote end closed connection without response')) (attempt 1) for https://www.gamigion.com/unpacking-the-lava-quest-live-ops-event-in-mobile-games
2025-12-12 18:30:14,265 WARNING Request error ('Connection aborted.', RemoteDisconnected('Remote end closed connection without response')) (attempt 1) for https://www.gamigion.com/legend-of-mushrooms-community-building-on-discord
2025-12-12 18:30:14,265 WARNING Request error ('Connection aborted.', RemoteDisconnected('Remote end closed connection without response')) (attempt 1) for https://www.gamigion.com/%f0%9f%8d%ac-sweet-success
2025-12-12 18:30:14,277 WARNING Request error ('Connection aborted.', RemoteDisconnected('Remote end closed connection without response')) (attempt 1) for https://www.gamigion.com/voodoo-x-hasbro-collab-is-back-in-mob-control
2025-12-12 18:30:16,567 INFO Saved: https://www.gamigion.com/pin-out-master-hamster-kombat -> 170_Pin Out Master  Hamster Kombat.md
2025-12-12 18:30:16,959 INFO Saved: https://www.gamigion.com/voodoo-x-hasbro-collab-is-back-in-mob-control -> 175_Voodoo x Hasbro Collab is Back in Mob Control.md
2025-12-12 18:30:17,188 INFO Saved: https://www.gamigion.com/legend-of-mushrooms-community-building-on-discord -> 172_Legend of Mushrooms Community Building on Discord.md
2025-12-12 18:30:17,542 INFO Saved: https://www.gamigion.com/monetizing-live-ops-events-exploring-key-examples -> 174_Monetizing Live-Ops Events Exploring Key Examples.md
2025-12-12 18:30:18,068 INFO Saved: https://www.gamigion.com/fish-of-fortune-by-whalo -> 173_Fish of Fortune by Whalo.md
2025-12-12 18:30:19,540 INFO Unchanged: https://www.gamigion.com/author/kopelovich/page/13
2025-12-12 18:30:19,594 INFO Saved: https://www.gamigion.com/chest-opening-animation-in-royal-match -> 171_Chest Opening Animation in Royal Match.md
2025-12-12 18:30:23,924 INFO Saved: https://www.gamigion.com/%f0%9f%8d%ac-sweet-success -> 177_Sweet Success.md
2025-12-12 18:30:24,184 INFO Saved: https://www.gamigion.com/unpacking-the-lava-quest-live-ops-event-in-mobile-games -> 176_Unpacking the Lava Quest Live-Ops Event in Mobile Games.md
2025-12-12 18:30:31,917 INFO Saved: https://www.gamigion.com/wp-login.php?redirect_to=https%3A%2F%2Fwww.gamigion.com%2Fnostalgia-the-appeal-of-card-albums-in-mobile-games%2F&action=register -> 181_untitled.md
2025-12-12 18:30:34,333 INFO Saved: https://www.gamigion.com/monopoly-go-x-marvel-collab-launches-this-week -> 178_MONOPOLY GO x Marvel Collab Launches THIS WEEK.md
2025-12-12 18:30:34,817 INFO Saved: https://www.gamigion.com/monetization-insight-from-toon-blast -> 184_Monetization Insight from Toon Blast.md
2025-12-12 18:30:35,572 INFO Saved: https://www.gamigion.com/power-of-partnerships-mobile-gaming-collaborations-6 -> 179_Power of Partnerships Mobile Gaming Collaborations 6.md
2025-12-12 18:30:35,931 INFO Saved: https://www.gamigion.com/interesting-monetization-strategy-for-event-progression -> 183_Interesting Monetization Strategy for Event Progression.md
2025-12-12 18:30:36,275 INFO Saved: https://www.gamigion.com/loving-this-offer-design-in-seaside-escape -> 182_Loving This Offer Design in Seaside Escape.md
2025-12-12 18:30:41,497 INFO Saved: https://www.gamigion.com/cool-invite-reward-system-in-office-cat -> 185_Cool invite reward system in Office Cat.md
2025-12-12 18:30:42,269 INFO Saved: https://www.gamigion.com/hey-look-a-cool-design-%f0%9f%8e%a8 -> 186_Hey Look A Cool Design.md
2025-12-12 18:30:43,205 INFO Unchanged: https://www.gamigion.com/author/kopelovich/page/14
2025-12-12 18:30:47,191 INFO Saved: https://www.gamigion.com/boosting-your-fun-in-royal-match -> 187_Boosting Your Fun in Royal Match.md
2025-12-12 18:30:48,196 INFO Saved: https://www.gamigion.com/something-cool-i-found-in-raid-rush -> 188_Something Cool I Found in Raid Rush.md
2025-12-12 18:30:48,886 INFO Saved: https://www.gamigion.com/how-race-events-drive-engagement-in-mobile-games -> 190_How Race Events Drive Engagement in Mobile Games.md
2025-12-12 18:30:49,965 INFO Saved: https://www.gamigion.com/gun-dungeons-innovative-reward-boost -> 189_Gun  Dungeons Innovative Reward Boost.md
2025-12-12 18:30:52,594 INFO Saved: https://www.gamigion.com/adventure-island-merge-mysterious-gift -> 192_Adventure Island Merge Mysterious Gift.md
2025-12-12 18:30:52,733 INFO Saved: https://www.gamigion.com/innovative-scrolling-offers-in-coin-master -> 191_Innovative Scrolling Offers in Coin Master.md
2025-12-12 18:30:58,000 INFO Saved: https://www.gamigion.com/hole-io-smart-ad-breaks-with-rewards -> 193_Holeio Smart Ad Breaks With Rewards.md
2025-12-12 18:30:58,004 INFO Saved: https://www.gamigion.com/wp-login.php?redirect_to=https%3A%2F%2Fwww.gamigion.com%2Floving-this-offer-design-in-seaside-escape%2F&action=register -> 195_untitled.md
2025-12-12 18:31:05,076 INFO Saved: https://www.gamigion.com/hard-levels-animation-from-twisted-tangle -> 197_Hard Levels Animation from Twisted Tangle.md
2025-12-12 18:31:05,335 INFO Saved: https://www.gamigion.com/trending-live-ops-events-team-up-for-rewards -> 198_Trending Live-Ops Events Team Up for Rewards.md
2025-12-12 18:31:06,261 INFO Saved: https://www.gamigion.com/top-mobile-game-picks-of-the-week -> 196_Top Mobile Game Picks of the Week.md
2025-12-12 18:31:12,458 INFO Saved: https://www.gamigion.com/the-power-of-partnership-the-new-frontier-in-mobile-gaming-collaborations -> 199_The Power of Partnership Mobile Gaming Collaborations.md
2025-12-12 18:31:12,906 INFO Saved: https://www.gamigion.com/boosting-engagement-with-cumulative-rewards -> 200_Boosting Engagement With Cumulative Rewards.md
2025-12-12 18:31:13,978 INFO Unchanged: https://www.gamigion.com/author/kopelovich/page/15
2025-12-12 18:31:18,257 INFO Saved: https://www.gamigion.com/trending-live-ops-events-choose-your-reward -> 201_Trending Live-Ops Events Choose Your Reward.md
2025-12-12 18:31:18,975 WARNING Request error HTTPSConnectionPool(host='www.gamigion.com', port=443): Read timed out. (read timeout=12) (attempt 1) for https://www.gamigion.com/royal-match-monetization-at-the-point-of-failure
2025-12-12 18:31:19,707 WARNING Request error HTTPSConnectionPool(host='www.gamigion.com', port=443): Read timed out. (read timeout=12) (attempt 1) for https://www.gamigion.com/effective-phone-connect-funnel-by-coin-master
2025-12-12 18:31:22,159 INFO Saved: https://www.gamigion.com/the-power-of-3-day-offers-in-mobile-games -> 204_The Power of 3-Day Offers in Mobile Games.md
2025-12-12 18:31:22,737 INFO Saved: https://www.gamigion.com/royal-match-monetization-at-the-point-of-failure -> 203_Royal Match Monetization at the Point of Failure.md
2025-12-12 18:31:23,493 INFO Saved: https://www.gamigion.com/trending-live-ops-events-grid-scavenger-hunt -> 206_Trending Live-Ops Events Grid Scavenger Hunt.md
2025-12-12 18:31:25,773 INFO Saved: https://www.gamigion.com/black-friday-deals-on-mobile-games -> 207_Black Friday Deals on Mobile Games.md
2025-12-12 18:31:26,449 INFO Saved: https://www.gamigion.com/cross-promotion-done-right-in-seaside-escape -> 205_Cross-Promotion Done Right in Seaside Escape.md
2025-12-12 18:31:29,114 INFO Saved: https://www.gamigion.com/effective-phone-connect-funnel-by-coin-master -> 202_Effective Phone Connect Funnel by Coin Master.md
2025-12-12 18:31:30,346 INFO Saved: https://www.gamigion.com/wp-login.php?redirect_to=https%3A%2F%2Fwww.gamigion.com%2Ftop-mobile-game-picks-of-the-week%2F&action=register -> 209_untitled.md
2025-12-12 18:31:32,435 INFO Saved: https://www.gamigion.com/trending-game-mechanics-of-2024-pioneering-innovation-in-mobile-gaming -> 212_Trending Game Mechanics of 2024 Innovation in Mobile Gaming.md
2025-12-12 18:31:32,569 INFO Saved: https://www.gamigion.com/wp-login.php?redirect_to=https%3A%2F%2Fwww.gamigion.com%2Fmonetization-review-cup-heroes-by-voodoo%2F&action=register -> 213_untitled.md
2025-12-12 18:31:34,499 INFO Saved: https://www.gamigion.com/engaging-players-with-milestone-based-live-ops-events -> 211_Engaging Players with Milestone-Based Live Ops Events.md
2025-12-12 18:31:34,730 INFO Saved: https://www.gamigion.com/monetization-review-cup-heroes-by-voodoo -> 210_Monetization Review Cup Heroes by Voodoo.md
2025-12-12 18:31:35,741 INFO === SCRAPING SergeiVasiuk ===
2025-12-12 18:31:40,646 INFO Page https://www.gamigion.com/author/sergeivasiuk -> 27 links
2025-12-12 18:31:46,262 INFO Page https://www.gamigion.com/author/sergeivasiuk/page/2/ -> 28 links
2025-12-12 18:31:49,699 INFO Page https://www.gamigion.com/author/sergeivasiuk/page/3/ -> 28 links
2025-12-12 18:31:52,742 INFO Page https://www.gamigion.com/author/sergeivasiuk/page/4/ -> 28 links
2025-12-12 18:31:55,154 INFO Page https://www.gamigion.com/author/sergeivasiuk/page/5/ -> 22 links
2025-12-12 18:31:55,233 INFO SergeiVasiuk: FOUND 77 article links
2025-12-12 18:31:55,930 INFO Unchanged: https://www.gamigion.com/author/sergeivasiuk
2025-12-12 18:31:56,220 INFO Unchanged: https://www.gamigion.com/events
2025-12-12 18:31:56,248 INFO Unchanged: https://www.gamigion.com/category/events
2025-12-12 18:31:56,379 INFO Unchanged: https://www.gamigion.com/reports
2025-12-12 18:31:56,705 INFO Saved: https://www.gamigion.com/about -> 005_Whos there - Gamigion Mobile Games Industry News.md
2025-12-12 18:31:56,747 INFO Unchanged: https://www.gamigion.com/category/analysis
2025-12-12 18:31:56,933 INFO Unchanged: https://www.gamigion.com/category/highlights
2025-12-12 18:31:57,088 INFO Unchanged: https://www.gamigion.com/category/game-radar
2025-12-12 18:31:57,273 INFO Unchanged: https://www.gamigion.com/category/journal
2025-12-12 18:31:57,273 INFO Unchanged: https://www.gamigion.com/journal
2025-12-12 18:31:57,560 INFO Unchanged: https://www.gamigion.com/games-radar
2025-12-12 18:31:59,078 INFO Unchanged: https://www.gamigion.com/category/reports
2025-12-12 18:32:09,492 INFO Saved: https://www.gamigion.com/every-great-game-is-a-fight -> 013_Every Great Game is a FIGHT.md
2025-12-12 18:32:09,630 INFO Saved: https://www.gamigion.com/solo-dev-is-tough-hello-head-of-everything -> 014_Solo Dev is tough hello Head of Everything.md
2025-12-12 18:32:11,007 INFO Saved: https://www.gamigion.com/indian-gaming-industry-surge -> 015_Indian Gaming Industry Surge.md
2025-12-12 18:32:11,170 INFO Saved: https://www.gamigion.com/how-to-get-10-game-ideas-in-under-2-min -> 016_How to get 10 game ideas in under 2 min.md
2025-12-12 18:32:11,324 INFO Saved: https://www.gamigion.com/20-metrics-game-devs-must-track -> 018_20 Metrics Game Devs Must Track.md
2025-12-12 18:32:11,942 INFO Saved: https://www.gamigion.com/8-things-games-do-better-than-any-art -> 017_8 Things Games Do Better Than Any Art.md
2025-12-12 18:32:12,027 INFO Saved: https://www.gamigion.com/keep-your-live-ops-game-healthy -> 020_Keep Your Live Ops Game Healthy.md
2025-12-12 18:32:12,340 INFO Saved: https://www.gamigion.com/the-80-to-20-rule-in-game-dev-design -> 019_The 80 to 20 Rule in Game Dev  Design.md
2025-12-12 18:32:12,758 INFO Unchanged: https://www.gamigion.com/author/sergeivasiuk/page/2
2025-12-12 18:32:18,797 INFO Unchanged: https://www.gamigion.com/wp-login.php?action=lostpassword
2025-12-12 18:32:24,601 INFO Saved: https://www.gamigion.com/20-metrics-all-game-devs-should-hold-close-2 -> 022_20 metrics all game devs should hold close.md
2025-12-12 18:32:25,111 INFO Saved: https://www.gamigion.com/game-development-isnt-just-about-coding -> 021_Game development isnt just about coding.md
2025-12-12 18:32:25,322 INFO Saved: https://www.gamigion.com/wp-login.php?redirect_to=https%3A%2F%2Fwww.gamigion.com%2Fevery-great-game-is-a-fight%2F&action=register -> 026_untitled.md
2025-12-12 18:32:26,761 INFO Saved: https://www.gamigion.com/90-of-games-fail-at-monetization -> 023_90 of Games Fail at Monetization.md
2025-12-12 18:32:26,765 INFO Saved: https://www.gamigion.com/the-gaming-industry-is-not-what-you-think -> 024_The gaming industry is NOT what you think.md
2025-12-12 18:32:30,920 INFO Saved: https://www.gamigion.com/5-game-systems-to-make-your-game-stick -> 028_5 Game Systems to Make Your Game Stick.md
2025-12-12 18:32:31,912 INFO Saved: https://www.gamigion.com/9-traps-that-kill-your-game -> 029_9 Traps That Kill Your Game.md
2025-12-12 18:32:33,066 INFO Saved: https://www.gamigion.com/how-games-manipulate-emotions -> 030_How Games Manipulate Emotions.md
2025-12-12 18:32:38,228 INFO Saved: https://www.gamigion.com/gaming-factory-professions -> 031_Gaming Factory Professions.md
2025-12-12 18:32:38,954 INFO Saved: https://www.gamigion.com/musk-gaming -> 032_Musk  Gaming.md
2025-12-12 18:32:39,215 INFO Saved: https://www.gamigion.com/how-to-design-your-player-journey-map -> 033_How to design your player journey map.md
2025-12-12 18:32:39,707 INFO Saved: https://www.gamigion.com/mistakes-new-game-devs-make -> 034_Mistakes New Game Devs Make.md
2025-12-12 18:32:39,882 INFO Unchanged: https://www.gamigion.com/author/sergeivasiuk/page/3
2025-12-12 18:32:42,478 INFO Saved: https://www.gamigion.com/are-you-interested-in-game-development -> 035_Are you interested in Game Development.md
2025-12-12 18:32:44,022 INFO Saved: https://www.gamigion.com/craft-your-own-masters-degree-in-game-publishing -> 036_Craft your own Masters Degree in Game Publishing.md
2025-12-12 18:32:45,578 INFO Saved: https://www.gamigion.com/control-your-career-game -> 037_Control Your Career Game.md
2025-12-17 13:20:54,525 INFO === SCRAPING FelixBraberg_Substack ===
2025-12-17 13:20:55,711 INFO Page https://felixbraberg.substack.com/archive?sort=new -> 12 links
2025-12-17 13:20:55,736 INFO FelixBraberg_Substack: FOUND 12 article links
2025-12-17 13:20:56,396 INFO Saved: https://felixbraberg.substack.com/p/the-1-banner-ad-mistake-youre-still -> 002_The 1 Banner Ad Mistake Youre Still Making.md
2025-12-17 13:20:56,456 INFO Saved: https://felixbraberg.substack.com/p/the-greatest-fake-onboarding-of-all -> 001_The Greatest Fake Onboarding of All Time.md
2025-12-17 13:20:56,506 INFO Saved: https://felixbraberg.substack.com/p/is-coin-master-adding-in-game-ads -> 007_Is Coin Master Adding in Game Ads.md
2025-12-17 13:20:56,559 INFO Saved: https://felixbraberg.substack.com/p/hungrystudio-is-hungry-for-more -> 006_HungryStudio is hungry for more.md
2025-12-17 13:20:56,633 INFO Saved: https://felixbraberg.substack.com/p/8-jolly-ad-monetization-tips-for -> 004_8 Jolly Ad Monetization Tips for Black Friday Weekend.md
2025-12-17 13:20:56,633 INFO Saved: https://felixbraberg.substack.com/p/banners-the-walking-dead-of-mobile -> 008_Banners The Walking Dead of Mobile Ads.md
2025-12-17 13:20:56,765 INFO Saved: https://felixbraberg.substack.com/p/candy-crush-is-crushing-it-with-ad -> 003_Candy Crush is Crushing it with Ad Revenue.md
2025-12-17 13:20:56,816 INFO Saved: https://felixbraberg.substack.com/p/lessmores-first-release-under-miniclip -> 005_Lessmores first release under Miniclip ownership.md
2025-12-17 13:20:57,334 INFO Saved: https://felixbraberg.substack.com/p/from-44-to-72-vietnams-studio-surge -> 009_From 44 to 72 Vietnams Studio Surge Continues.md
2025-12-17 13:20:57,368 INFO Saved: https://felixbraberg.substack.com/p/end-cards-the-silent-driver-of-player -> 010_End Cards The Silent Driver of Player Retention.md
2025-12-17 13:20:57,450 INFO Saved: https://felixbraberg.substack.com/p/are-ads-falling-out-of-fashion -> 011_Are Ads Falling Out of Fashion.md
2025-12-17 13:20:57,450 INFO Saved: https://felixbraberg.substack.com/p/six-ad-placements-that-delivered -> 012_Six Ad Placements That Delivered in 2025 So Far.md
2025-12-17 13:20:58,464 INFO === SCRAPING FelixBraberg_Blog ===
2025-12-17 13:20:59,369 INFO Page https://www.felixbraberg.com/blog -> 12 links
2025-12-17 13:20:59,401 INFO FelixBraberg_Blog: FOUND 12 article links
2025-12-17 13:20:59,567 INFO No content extracted for https://www.felixbraberg.com/podcast
2025-12-17 13:20:59,567 INFO Skipped/failed: https://www.felixbraberg.com/podcast
2025-12-17 13:21:00,020 INFO Unchanged: https://www.felixbraberg.com/about-me
2025-12-17 13:21:00,108 INFO Unchanged: https://www.felixbraberg.com/post/the-price-of-progress-the-revenue-impact-of-google-deprecating-placements-and-gam-resellers
2025-12-17 13:21:00,111 INFO Unchanged: https://www.felixbraberg.com/post/google-s-new-cmp-requirements-integrate-or-die
2025-12-17 13:21:00,184 INFO Unchanged: https://www.felixbraberg.com/blog
2025-12-17 13:21:00,185 INFO Unchanged: https://www.felixbraberg.com/post/the-end-of-gam-networks-on-mobile
2025-12-17 13:21:00,513 INFO Unchanged: https://www.felixbraberg.com/post/is-admob-removing-its-three-placement-limit
2025-12-17 13:21:00,699 INFO Saved: https://www.felixbraberg.com/post/frozen-city-s-3-million-a-month-admon-blunder -> 009_Frozen Citys 3 million a month Admon blunder.md
2025-12-17 13:21:01,002 INFO Saved: https://www.felixbraberg.com/contact -> 004_Contact  FelixBrabergcom.md
2025-12-17 13:21:03,077 INFO Saved: https://www.felixbraberg.com/post/3-ad-monetization-tips-on-how-maximize-fill-in-india -> 012_3 Ad Monetization tips on how maximize fill in India.md
2025-12-17 13:21:03,465 INFO Saved: https://www.felixbraberg.com/post/is-amazon-publisher-services-about-to-go-supernova-in-mobile -> 010_Is Amazon Publisher Services about to go supernova in Mobile.md
2025-12-17 13:21:03,795 INFO Saved: https://www.felixbraberg.com/post/the-end-of-gam-and-admob-placement-refreshes -> 005_The End of GAM and Admob Placement Refreshes.md
2025-12-17 13:21:04,798 INFO === SCRAPING MichaelKopelovich ===
2025-12-17 13:21:07,838 INFO Page https://www.gamigion.com/author/kopelovich -> 27 links
2025-12-17 13:21:10,417 INFO Page https://www.gamigion.com/author/kopelovich/page/2/ -> 28 links
2025-12-17 13:21:12,370 INFO Page https://www.gamigion.com/author/kopelovich/page/3/ -> 28 links
2025-12-17 13:21:14,934 INFO Page https://www.gamigion.com/author/kopelovich/page/4/ -> 28 links
2025-12-17 13:21:17,203 INFO Page https://www.gamigion.com/author/kopelovich/page/5/ -> 28 links
2025-12-17 13:21:19,231 INFO Page https://www.gamigion.com/author/kopelovich/page/6/ -> 28 links
2025-12-17 13:21:23,205 INFO Page https://www.gamigion.com/author/kopelovich/page/7/ -> 28 links
2025-12-17 13:21:26,741 INFO Page https://www.gamigion.com/author/kopelovich/page/8/ -> 28 links
2025-12-17 13:21:29,060 INFO Page https://www.gamigion.com/author/kopelovich/page/9/ -> 28 links
2025-12-17 13:21:30,872 INFO Page https://www.gamigion.com/author/kopelovich/page/10/ -> 28 links
2025-12-17 13:21:31,718 INFO Page https://www.gamigion.com/author/kopelovich/page/11/ -> 28 links
2025-12-17 13:21:33,769 INFO Page https://www.gamigion.com/author/kopelovich/page/12/ -> 28 links
2025-12-17 13:21:36,106 INFO Page https://www.gamigion.com/author/kopelovich/page/13/ -> 28 links
2025-12-17 13:21:37,872 INFO Page https://www.gamigion.com/author/kopelovich/page/14/ -> 28 links
2025-12-17 13:21:39,911 INFO Page https://www.gamigion.com/author/kopelovich/page/15/ -> 19 links
2025-12-17 13:21:39,925 INFO MichaelKopelovich: FOUND 214 article links
2025-12-17 13:21:41,378 INFO Saved: https://www.gamigion.com/author/kopelovich -> 006_Spotted this mechanic in Disney Magic Match 3D.md
2025-12-17 13:21:41,666 INFO Saved: https://www.gamigion.com/journal -> 002_Journal - Gamigion Mobile Games Industry News.md
2025-12-17 13:21:42,522 INFO Saved: https://www.gamigion.com/games-radar -> 001_Games Radar - Gamigion Mobile Games Industry News.md
2025-12-17 13:21:46,460 INFO Saved: https://www.gamigion.com/reports -> 003_Reports - Gamigion Mobile Games Industry News.md
2025-12-17 13:21:46,746 INFO Saved: https://www.gamigion.com/category/analysis -> 007_A Not So Brief History of The Merge Genre.md
2025-12-17 13:21:47,387 INFO Saved: https://www.gamigion.com/category/events -> 008_PGC London  19-20 January.md
2025-12-17 13:21:47,408 INFO Saved: https://www.gamigion.com/about -> 005_Whos there - Gamigion Mobile Games Industry News.md
2025-12-17 13:21:47,410 INFO Saved: https://www.gamigion.com/category/highlights -> 010_A Not So Brief History of The Merge Genre.md
2025-12-17 13:21:47,497 INFO Saved: https://www.gamigion.com/category/game-radar -> 009_Dont Miss These New Mobile Games   December 5 to 11 2025.md
2025-12-17 13:21:47,699 INFO Saved: https://www.gamigion.com/events -> 004_Events - Gamigion Mobile Games Industry News.md
2025-12-17 13:21:48,408 INFO Saved: https://www.gamigion.com/category/journal -> 011_Spent weeks blaming creatives for inconsistent ROAS.md
2025-12-17 13:21:53,915 INFO Saved: https://www.gamigion.com/spotted-this-mechanic-in-disney-magic-match-3d -> 013_Spotted this mechanic in Disney Magic Match 3D.md
2025-12-17 13:21:55,883 INFO Saved: https://www.gamigion.com/category/reports -> 012_Global Games Market Report 2025.md
2025-12-17 13:22:01,479 INFO Saved: https://www.gamigion.com/combining-a-deal-a-spin-wheel-in-one-screen -> 017_Combining a deal  a spin wheel in one screen.md
2025-12-17 13:22:01,868 INFO Saved: https://www.gamigion.com/spotted-in-monopoly-go-by-scopely -> 015_Spotted in MONOPOLY GO by Scopely.md
2025-12-17 13:22:02,656 INFO Saved: https://www.gamigion.com/interesting-design-choice-in-gossip-harbors-wheel-of-chance -> 021_Interesting design choice in Gossip Harbors Wheel of Chance.md
2025-12-17 13:22:02,698 INFO Saved: https://www.gamigion.com/december-in-mobile-games-ip-season -> 014_December in Mobile Games  IP Season.md
2025-12-17 13:22:03,243 INFO Saved: https://www.gamigion.com/spotted-in-legend-of-elements-by-joy-nice-games -> 016_Spotted in Legend of Elements by Joy Nice Games.md
2025-12-17 13:22:04,508 INFO Saved: https://www.gamigion.com/spotted-in-disney-magic-match-3d -> 018_Spotted in Disney Magic Match 3D.md
2025-12-17 13:22:05,524 INFO Saved: https://www.gamigion.com/spotted-in-pencil-sort-by-onetap-global -> 019_Spotted in Pencil Sort by Onetap Global.md
2025-12-17 13:22:09,316 INFO Saved: https://www.gamigion.com/spotted-in-triple-factory-visual-reward-path-integrated-into-the-ftue -> 022_Spotted in Triple Factory Visual reward path integrated into the FTUE.md
2025-12-17 13:22:09,960 INFO Saved: https://www.gamigion.com/spotted-this-in-zen-match -> 020_Spotted this in Zen Match.md
2025-12-17 13:22:10,078 INFO Saved: https://www.gamigion.com/author/kopelovich/page/2 -> 025_Spotted something cool in Royal Match.md
2025-12-17 13:22:12,839 INFO Unchanged: https://www.gamigion.com/wp-login.php?action=lostpassword
2025-12-17 13:22:17,409 INFO Saved: https://www.gamigion.com/brawl-stars-x-stranger-things -> 023_Brawl Stars x Stranger Things.md
2025-12-17 13:22:17,411 INFO Saved: https://www.gamigion.com/spotted-this-small-but-interesting-rewarded-placement -> 024_Spotted this small but interesting Rewarded Placement.md
2025-12-17 13:22:18,194 INFO Saved: https://www.gamigion.com/wp-login.php?redirect_to=https%3A%2F%2Fwww.gamigion.com%2Fspotted-this-mechanic-in-disney-magic-match-3d%2F&action=register -> 026_untitled.md
2025-12-17 13:22:19,855 INFO Saved: https://www.gamigion.com/love-this-rewarded-video-placement-on-the-level-map-in-fortress-merge -> 032_Love this rewarded video placement on the level map in Fortress Merge.md
2025-12-17 13:22:20,849 INFO Saved: https://www.gamigion.com/spotted-something-cool-in-royal-match -> 028_Spotted something cool in Royal Match.md
2025-12-17 13:22:23,861 INFO Saved: https://www.gamigion.com/spotted-in-water-out-puzzle-by-hm-games -> 030_Spotted in Water Out Puzzle by HM Games.md
2025-12-17 13:22:24,499 INFO Saved: https://www.gamigion.com/spotted-in-ghost-invasion-by-miniclip -> 029_Spotted in Ghost Invasion by Miniclip.md
2025-12-17 13:22:25,786 INFO Saved: https://www.gamigion.com/spotted-in-gossip-harbor-by-microfun -> 031_Spotted in Gossip Harbor by Microfun.md
2025-12-17 13:22:31,512 INFO Saved: https://www.gamigion.com/fan-of-event-loading-screens-in-mobile-games -> 033_Fan of event loading screens in mobile games.md
2025-12-17 13:22:32,026 INFO Saved: https://www.gamigion.com/spotted-in-survivor-io-by-habby-weekly-goodies -> 035_Spotted in Survivorio by Habby Weekly Goodies.md
2025-12-17 13:22:32,140 INFO Saved: https://www.gamigion.com/spotted-in-souls-by-habby-a-smart-twist-on-daily-login-rewards -> 038_Spotted in Souls by Habby a smart twist on daily login rewards.md
2025-12-17 13:22:32,230 INFO Saved: https://www.gamigion.com/monopoly-go-x-mcdonalds -> 034_MONOPOLY GO x McDonalds.md
2025-12-17 13:22:33,886 INFO Saved: https://www.gamigion.com/author/kopelovich/page/3 -> 040_Spotted two interesting social layers in Coin Master.md
2025-12-17 13:22:34,122 INFO Saved: https://www.gamigion.com/spotted-a-clever-retention-trick-on-ios-in-block-jam -> 036_Spotted a clever retention trick on iOS in Block Jam.md
2025-12-17 13:22:38,797 INFO Saved: https://www.gamigion.com/com2us-minion-rumble-is-featuring-habbys-capybara-go -> 037_Com2uS Minion Rumble is featuring Habbys Capybara Go.md
2025-12-17 13:22:39,637 INFO Saved: https://www.gamigion.com/loved-this-little-ui-detail-in-magic-sort -> 039_Loved this little UI detail in Magic Sort.md
2025-12-17 13:22:45,245 INFO Saved: https://www.gamigion.com/wp-login.php?redirect_to=https%3A%2F%2Fwww.gamigion.com%2Fspotted-something-cool-in-royal-match%2F&action=register -> 041_untitled.md
2025-12-17 13:22:45,490 INFO Saved: https://www.gamigion.com/spotted-two-interesting-social-layers-in-coin-master -> 042_Spotted two interesting social layers in Coin Master.md
2025-12-17 13:22:46,657 INFO Saved: https://www.gamigion.com/mobile-game-monetization-design-insights-sep-14-19 -> 044_Mobile Game Monetization  Design Insights Sep 14-19.md
2025-12-17 13:22:46,657 INFO Saved: https://www.gamigion.com/mobile-game-monetization-design-insights-september-recap -> 048_Mobile Game Monetization  Design Insights Sep 8-14.md
2025-12-17 13:22:47,515 INFO Saved: https://www.gamigion.com/capybara-go-x-teenage-mutant-ninja-turtles -> 043_Capybara Go x Teenage Mutant Ninja Turtles.md
2025-12-17 13:22:50,471 INFO Saved: https://www.gamigion.com/exploring-fun-ways-to-surprise-players-with-rewards -> 046_Exploring fun ways to surprise players with rewards.md
2025-12-17 13:22:51,687 INFO Saved: https://www.gamigion.com/%f0%9f%8e%af-event-calendars-in-mobile-games -> 045_Event Calendars in Mobile Games.md
2025-12-17 13:22:53,030 INFO Saved: https://www.gamigion.com/spotted-something-interesting-in-legend-of-mushroom -> 047_Spotted something interesting in Legend of Mushroom.md
2025-12-17 13:22:57,335 INFO Saved: https://www.gamigion.com/author/kopelovich/page/4 -> 054_Spotted a fun event in Minion Rumble.md
2025-12-17 13:22:57,967 INFO Saved: https://www.gamigion.com/back-to-school-meets-in-game-offers -> 049_Back to School meets in-game offers.md
2025-12-17 13:22:59,845 INFO Saved: https://www.gamigion.com/an-interesting-rv-placement-at-the-level-start-screen -> 053_An interesting RV placement at the level start screen.md
2025-12-17 13:23:00,561 INFO Saved: https://www.gamigion.com/fortress-merge-speed-up-offers -> 050_Fortress Merge Speed Up Offers.md
2025-12-17 13:23:01,721 INFO Saved: https://www.gamigion.com/spotted-these-fun-follow-screens-in-coin-master -> 051_Spotted these fun follow screens in Coin Master.md
2025-12-17 13:23:02,953 INFO Saved: https://www.gamigion.com/nice-touch-in-archero-2-choose-your-own-reward -> 052_Nice touch in Archero 2 Choose your own reward.md
2025-12-17 13:23:03,825 INFO Saved: https://www.gamigion.com/welcome-back-pass-designed-for-returning-users-on-survivor-io -> 057_Welcome Back Pass designed for returning users on Survivorio.md
2025-12-17 13:23:04,641 INFO Saved: https://www.gamigion.com/wp-login.php?redirect_to=https%3A%2F%2Fwww.gamigion.com%2Fspotted-two-interesting-social-layers-in-coin-master%2F&action=register -> 055_untitled.md
2025-12-17 13:23:11,845 INFO Saved: https://www.gamigion.com/the-power-of-partnership-in-mobile-gaming-part-10 -> 058_The Power of Partnership in Mobile Gaming  Part 10.md
2025-12-17 13:23:12,907 WARNING Request error HTTPSConnectionPool(host='www.gamigion.com', port=443): Read timed out. (read timeout=12) (attempt 1) for https://www.gamigion.com/spotted-a-fun-event-in-minion-rumble
2025-12-17 13:23:15,558 INFO Saved: https://www.gamigion.com/spotted-a-fun-event-in-minion-rumble -> 056_Spotted a fun event in Minion Rumble.md
2025-12-17 13:23:16,649 WARNING Request error HTTPSConnectionPool(host='www.gamigion.com', port=443): Read timed out. (read timeout=12) (attempt 1) for https://www.gamigion.com/in-game-discord-invite-in-cook-merge-by-supersolid
2025-12-17 13:23:18,231 INFO Saved: https://www.gamigion.com/such-a-simple-but-powerful-ux-touch -> 059_Such a simple but powerful UX touch.md
2025-12-17 13:23:18,541 INFO Saved: https://www.gamigion.com/car-match-by-grand-games-is-full-of-thoughtful-touches -> 061_Car Match by Grand Games is full of thoughtful touches.md
2025-12-17 13:23:18,541 INFO Saved: https://www.gamigion.com/love-this-smart-rewarded-flow-in-mob-control-by-voodoo -> 060_Love this smart Rewarded flow in Mob Control by Voodoo.md
2025-12-17 13:23:20,812 INFO Saved: https://www.gamigion.com/in-game-discord-invite-in-cook-merge-by-supersolid -> 064_in-game Discord invite in Cook  Merge by Supersolid.md
2025-12-17 13:23:24,238 WARNING Request error HTTPSConnectionPool(host='www.gamigion.com', port=443): Read timed out. (read timeout=12) (attempt 1) for https://www.gamigion.com/just-loved-this-clean-offer-design-from-color-slide-by-saygames
2025-12-17 13:23:26,059 WARNING Request error HTTPSConnectionPool(host='www.gamigion.com', port=443): Read timed out. (read timeout=12) (attempt 1) for https://www.gamigion.com/loved-this-3-day-starter-pack-design
2025-12-17 13:23:29,052 INFO Saved: https://www.gamigion.com/car-match-by-grand-games-surprised-by-their-daily-task-system -> 065_Car Match by Grand Games Surprised by their Daily Task system.md
2025-12-17 13:23:29,238 INFO Saved: https://www.gamigion.com/author/kopelovich/page/5 -> 068_Welcome Back event.md
2025-12-17 13:23:33,961 INFO Saved: https://www.gamigion.com/just-loved-this-clean-offer-design-from-color-slide-by-saygames -> 062_Just loved this clean offer design from Color Slide by SayGames.md
2025-12-17 13:23:33,994 INFO Saved: https://www.gamigion.com/noticed-this-cross-promo-in-word-trip-by-playsimple-games -> 066_Noticed this cross-promo in Word Trip by PlaySimple Games.md
2025-12-17 13:23:36,160 INFO Saved: https://www.gamigion.com/wp-login.php?redirect_to=https%3A%2F%2Fwww.gamigion.com%2Fspotted-a-fun-event-in-minion-rumble%2F&action=register -> 069_untitled.md
2025-12-17 13:23:37,086 INFO Saved: https://www.gamigion.com/loved-this-3-day-starter-pack-design -> 063_Loved this 3-day starter pack design.md
2025-12-17 13:23:37,556 INFO Saved: https://www.gamigion.com/welcome-back-event -> 070_Welcome Back event.md
2025-12-17 13:23:38,538 INFO Saved: https://www.gamigion.com/the-complete-guide-to-sort-games-monetization-part-2 -> 067_The Complete Guide to Sort Games Monetization  Part 2.md
2025-12-17 13:23:41,925 INFO Saved: https://www.gamigion.com/interesting-twist-on-daily-goals-in-cake-sort-by-lion-studios -> 075_Interesting twist on daily goals in Cake Sort by Lion Studios.md
2025-12-17 13:23:43,368 INFO Saved: https://www.gamigion.com/putting-emoji-in-your-apps-name -> 072_Putting emoji in your Apps name.md
2025-12-17 13:23:44,019 INFO Saved: https://www.gamigion.com/another-new-cat-themed-puzzle-game-just-dropped -> 071_Another new cat-themed puzzle game just dropped.md
2025-12-17 13:23:46,195 INFO Saved: https://www.gamigion.com/an-event-gated-behind-a-paywall-from-coin-master -> 073_An event gated behind a paywall from Coin Master.md
2025-12-17 13:23:46,791 INFO Saved: https://www.gamigion.com/full-event-gated-behind-a-one-time-payment -> 074_Full event gated behind a one-time payment.md
2025-12-17 13:23:54,325 INFO Saved: https://www.gamigion.com/author/kopelovich/page/6 -> 082_Royal Match really knows how to make small wins feel huge.md
2025-12-17 13:23:55,058 INFO Saved: https://www.gamigion.com/spotted-a-clever-twist-in-chum-chums-battle-pass -> 077_Spotted a clever twist in Chum Chums battle pass.md
2025-12-17 13:23:55,130 INFO Saved: https://www.gamigion.com/missed-a-day-in-your-daily-login-streak -> 076_Missed a day in your daily login streak.md
2025-12-17 13:23:57,313 INFO Saved: https://www.gamigion.com/upgradable-piggy-banks-long-term-monetization-layer -> 079_Upgradable Piggy Banks Long-term Monetization Layer.md
2025-12-17 13:23:57,315 INFO Saved: https://www.gamigion.com/really-liked-this-small-ui-touch-in-block-jam -> 078_Really liked this small UI touch in Block Jam.md
2025-12-17 13:23:58,666 INFO Saved: https://www.gamigion.com/make-any-purchase-and-get-rewarded -> 081_Make ANY purchase and get rewarded.md
2025-12-17 13:23:59,644 INFO Saved: https://www.gamigion.com/adorable-seasonal-icon-update-for-screw-jam -> 080_Adorable seasonal icon update for Screw Jam.md
2025-12-17 13:24:00,213 INFO Saved: https://www.gamigion.com/royal-match-really-knows-how-to-make-small-wins-feel-huge -> 084_Royal Match really knows how to make small wins feel huge.md
2025-12-17 13:24:00,474 INFO Saved: https://www.gamigion.com/wp-login.php?redirect_to=https%3A%2F%2Fwww.gamigion.com%2Fwelcome-back-event%2F&action=register -> 083_untitled.md
2025-12-17 13:24:01,096 INFO Saved: https://www.gamigion.com/the-power-of-partnership-mobile-gaming-collaborations-2 -> 085_The Power of Partnership Mobile Gaming Collaborations.md
2025-12-17 13:24:11,714 INFO Saved: https://www.gamigion.com/most-news-tabs-in-social-casino-games-are-forgettable -> 086_Most news tabs in social casino games are forgettable.md
2025-12-17 13:24:12,650 INFO Saved: https://www.gamigion.com/live-activities-beyond-games-real-world-example -> 088_Live Activities Beyond Games Real-World Example.md
2025-12-17 13:24:14,454 INFO Saved: https://www.gamigion.com/daily-weekly-challenge-setup-in-time-blast -> 090_Daily  Weekly Challenge setup in Time Blast.md
2025-12-17 13:24:14,653 INFO Saved: https://www.gamigion.com/welcome-back-reward-screen-in-dice-dreams -> 089_Welcome Back reward screen in Dice Dreams.md
2025-12-17 13:24:14,772 INFO Saved: https://www.gamigion.com/wheel-of-cats-with-a-twist -> 091_Wheel of Cats with a twist.md
2025-12-17 13:24:16,468 INFO Saved: https://www.gamigion.com/level-failed-no-problem -> 092_Level failed No problem.md
2025-12-17 13:24:18,006 INFO Saved: https://www.gamigion.com/interesting-approach-in-cake-sort-by-lion-studios -> 093_Interesting approach in Cake Sort by Lion Studios.md
2025-12-17 13:24:18,671 INFO Saved: https://www.gamigion.com/just-hit-my-1-year-anniversary-in-monopoly-go -> 087_Just hit my 1-year anniversary in MONOPOLY GO.md
2025-12-17 13:24:20,578 INFO Saved: https://www.gamigion.com/author/kopelovich/page/7 -> 096_Cake Sorts x2 Rewarded Video Option.md
2025-12-17 13:24:27,238 INFO Saved: https://www.gamigion.com/wp-login.php?redirect_to=https%3A%2F%2Fwww.gamigion.com%2Froyal-match-really-knows-how-to-make-small-wins-feel-huge%2F&action=register -> 097_untitled.md
2025-12-17 13:24:29,202 INFO Saved: https://www.gamigion.com/email-sign-ups-done-right -> 102_Email Sign-Ups Done Right.md
2025-12-17 13:24:29,202 INFO Saved: https://www.gamigion.com/perfect-gaming-app-icon -> 094_Perfect Gaming App Icon.md
2025-12-17 13:24:29,491 INFO Saved: https://www.gamigion.com/parental-controls-in-mobile-games -> 095_Parental controls in Mobile Games.md
2025-12-17 13:24:29,801 INFO Saved: https://www.gamigion.com/cake-sorts-x2-rewarded-video-option -> 098_Cake Sorts x2 Rewarded Video Option.md
2025-12-17 13:24:31,245 INFO Saved: https://www.gamigion.com/sort-games-monetization-complete-guide -> 099_Sort Games Monetization Complete Guide.md
2025-12-17 13:24:31,890 INFO Saved: https://www.gamigion.com/good-rv-placement-in-cake-await -> 100_Good RV Placement in Cake Await.md
2025-12-17 13:24:36,442 INFO Saved: https://www.gamigion.com/merge-games-monetization-complete-guide -> 107_Merge Games Monetization Complete Guide.md
2025-12-17 13:24:37,625 INFO Saved: https://www.gamigion.com/daily-rewards-design-in-block-heads -> 108_Daily rewards design in Block Heads.md
2025-12-17 13:24:38,420 INFO Saved: https://www.gamigion.com/new-take-in-coin-master-team-up-for-daily-challenges -> 101_New Take in Coin Master Team Up for Daily Challenges.md
2025-12-17 13:24:40,011 INFO Saved: https://www.gamigion.com/streak-mechanic-turned-into-a-time-limited-event-progression -> 109_Streak mechanic turned into a time-limited event progression.md
2025-12-17 13:24:42,085 INFO Saved: https://www.gamigion.com/game-changer-display-for-mobile-games -> 105_Game-changer Display for Mobile Games.md
2025-12-17 13:24:42,476 INFO Saved: https://www.gamigion.com/author/kopelovich/page/8 -> 110_Interesting take on a rolling offer from Coin Master.md
2025-12-17 13:24:42,739 INFO Saved: https://www.gamigion.com/summoners-war-x-demon-slayer-collaboration -> 104_Summoners War x Demon Slayer Collaboration.md
2025-12-17 13:24:43,145 INFO Saved: https://www.gamigion.com/apple-live-activities-being-used-in-a-mobile-game -> 103_Apple Live Activities being used in a Mobile Game.md
2025-12-17 13:24:43,145 INFO Saved: https://www.gamigion.com/interesting-event-in-royal-kingdom -> 106_Interesting event in Royal Kingdom.md
2025-12-17 13:24:49,639 INFO Saved: https://www.gamigion.com/wp-login.php?redirect_to=https%3A%2F%2Fwww.gamigion.com%2Fcake-sorts-x2-rewarded-video-option%2F&action=register -> 111_untitled.md
2025-12-17 13:24:50,109 INFO Saved: https://www.gamigion.com/the-power-of-partnership-mobile-gaming-collaborations -> 117_The Power of Partnership Mobile Gaming Collaborations.md
2025-12-17 13:24:54,240 INFO Saved: https://www.gamigion.com/interesting-take-on-a-rolling-offer-from-coin-master -> 112_Interesting take on a rolling offer from Coin Master.md
2025-12-17 13:24:55,394 INFO Saved: https://www.gamigion.com/interesting-approach-by-dice-dreams -> 113_Interesting Approach by Dice Dreams.md
2025-12-17 13:24:56,250 INFO Saved: https://www.gamigion.com/hooked-on-little-farm-story -> 114_Hooked on Little Farm Story.md
2025-12-17 13:24:56,267 INFO Saved: https://www.gamigion.com/monetization-in-sort-games-a-sneak-peek -> 115_Monetization in Sort Games  A Sneak Peek.md
2025-12-17 13:24:57,299 INFO Saved: https://www.gamigion.com/would-love-to-see-more-games-implementing-this -> 116_Would love to see more games implementing this.md
2025-12-17 13:24:59,225 INFO Saved: https://www.gamigion.com/love-this-rolling-offer-design-in-coin-master -> 118_Love this rolling offer design in Coin Master.md
2025-12-17 13:25:03,323 INFO Saved: https://www.gamigion.com/author/kopelovich/page/9 -> 124_Reaching Every Player Type.md
2025-12-17 13:25:04,018 INFO Saved: https://www.gamigion.com/welcome-back-screen-from-travel-town-by-moon-active -> 119_Welcome Back screen from Travel Town by Moon Active.md
2025-12-17 13:25:04,172 INFO Saved: https://www.gamigion.com/digging-deeper-with-gossip-harbor -> 120_Digging deeper with Gossip Harbor.md
2025-12-17 13:25:10,388 INFO Saved: https://www.gamigion.com/saygames-is-stepping-up-its-no-ads-offer-game -> 122_SayGames is stepping up its no-ads offer game.md
2025-12-17 13:25:11,466 INFO Saved: https://www.gamigion.com/welcome-back-with-style -> 123_Welcome Back with Style.md
2025-12-17 13:25:11,655 INFO Saved: https://www.gamigion.com/wp-login.php?redirect_to=https%3A%2F%2Fwww.gamigion.com%2Finteresting-take-on-a-rolling-offer-from-coin-master%2F&action=register -> 125_untitled.md
2025-12-17 13:25:11,773 INFO Saved: https://www.gamigion.com/reaching-every-player-type -> 126_Reaching Every Player Type.md
2025-12-17 13:25:11,907 INFO Saved: https://www.gamigion.com/archero-2-onboarding-done-right -> 121_Archero 2 Onboarding done right.md
2025-12-17 13:25:17,637 INFO Saved: https://www.gamigion.com/dynamic-offers-in-action -> 127_Dynamic Offers in Action.md
2025-12-17 13:25:18,037 INFO Saved: https://www.gamigion.com/crafting-player-centric-experiences -> 128_Crafting Player-Centric Experiences.md
2025-12-17 13:25:19,279 INFO Saved: https://www.gamigion.com/interesting-offer-in-coin-master-by-moon-active -> 129_Interesting offer in Coin Master by Moon Active.md
2025-12-17 13:25:25,653 INFO Saved: https://www.gamigion.com/creative-animation-alert -> 133_Creative Animation Alert.md
2025-12-17 13:25:26,316 INFO Saved: https://www.gamigion.com/cross-promotion-pop-up-carousel -> 130_Cross Promotion Pop-up Carousel.md
2025-12-17 13:25:26,881 INFO Saved: https://www.gamigion.com/gpt-vs-royal-match-can-ai-win-a-hard-level -> 132_GPT vs Royal Match Can AI Win a Hard Level.md
2025-12-17 13:25:28,852 INFO Saved: https://www.gamigion.com/christmas-loading-screens-in-games -> 131_Christmas Loading Screens in Games.md
2025-12-17 13:25:31,521 INFO Saved: https://www.gamigion.com/smart-design-meets-convenience -> 134_Smart Design Meets Convenience.md
2025-12-17 13:25:32,497 INFO Saved: https://www.gamigion.com/feedback-made-simple -> 136_Feedback Made Simple.md
2025-12-17 13:25:32,634 INFO Saved: https://www.gamigion.com/the-power-of-partnerships-in-gaming -> 135_The Power of Partnerships in Gaming.md
2025-12-17 13:25:33,457 INFO Saved: https://www.gamigion.com/author/kopelovich/page/10 -> 138_Ad Flow in Sticker Book by Lion Studios.md
2025-12-17 13:25:38,068 INFO Saved: https://www.gamigion.com/coin-masters-build-your-own-offers-%f0%9f%90%b7 -> 141_Coin Masters Build-Your-Own Offers.md
2025-12-17 13:25:39,092 INFO Saved: https://www.gamigion.com/twisted-tangles-smart-monetization-choices -> 142_Twisted Tangles Smart Monetization Choices.md
2025-12-17 13:25:39,992 INFO Saved: https://www.gamigion.com/wp-login.php?redirect_to=https%3A%2F%2Fwww.gamigion.com%2Freaching-every-player-type%2F&action=register -> 139_untitled.md
2025-12-17 13:25:40,322 INFO Saved: https://www.gamigion.com/bringing-friends-bigger-rewards -> 145_Bringing Friends  Bigger Rewards.md
2025-12-17 13:25:40,851 WARNING Request error HTTPSConnectionPool(host='www.gamigion.com', port=443): Read timed out. (read timeout=12) (attempt 1) for https://www.gamigion.com/teamwork-meets-fomo-in-royal-kingdom
2025-12-17 13:25:41,302 INFO Saved: https://www.gamigion.com/subtle-psychology-at-play-%f0%9f%94%a5 -> 143_Subtle Psychology at Play.md
2025-12-17 13:25:45,077 INFO Saved: https://www.gamigion.com/teamwork-meets-fomo-in-royal-kingdom -> 137_Teamwork Meets FOMO in Royal Kingdom.md
2025-12-17 13:25:46,304 WARNING Request error HTTPSConnectionPool(host='www.gamigion.com', port=443): Read timed out. (read timeout=12) (attempt 1) for https://www.gamigion.com/ad-flow-in-sticker-book-by-lion-studios
2025-12-17 13:25:47,007 INFO Saved: https://www.gamigion.com/just-discovered-something-cool-in-sticker-book -> 146_Just Discovered Something Cool in Sticker Book.md
2025-12-17 13:25:47,553 INFO Saved: https://www.gamigion.com/rolling-rv-offers-in-fish-of-fortune -> 149_Rolling RV Offers in Fish of Fortune.md
2025-12-17 13:25:47,866 INFO Saved: https://www.gamigion.com/smart-live-ops-integration-at-level-start-end -> 144_Smart Live-Ops Integration at Level StartEnd.md
2025-12-17 13:25:48,544 INFO Saved: https://www.gamigion.com/no-ads-ui-integration-by-lion-studios -> 150_No-Ads UI Integration by Lion Studios.md
2025-12-17 13:25:48,746 INFO Saved: https://www.gamigion.com/fun-rewarding-screen-in-piggy-go -> 148_Fun  Rewarding Screen in Piggy GO.md
2025-12-17 13:25:49,066 INFO Saved: https://www.gamigion.com/power-boost-unlocked-in-travel-town -> 147_Power Boost Unlocked in Travel Town.md
2025-12-17 13:25:53,609 INFO Saved: https://www.gamigion.com/ad-free-options-in-tetris-block-puzzle -> 151_Ad-Free Options in Tetris Block Puzzle.md
2025-12-17 13:25:54,094 INFO Saved: https://www.gamigion.com/author/kopelovich/page/11 -> 152_Unlocking Skip-it Strategies in Coin Sort by Lion Studios.md
2025-12-17 13:25:54,800 INFO Saved: https://www.gamigion.com/unlocking-skip-it-strategies-in-coin-sort-by-lion-studios -> 154_Unlocking Skip-it Strategies in Coin Sort by Lion Studios.md
2025-12-17 13:25:56,073 INFO Saved: https://www.gamigion.com/ad-flow-in-sticker-book-by-lion-studios -> 140_Ad Flow in Sticker Book by Lion Studios.md
2025-12-17 13:25:56,748 INFO Saved: https://www.gamigion.com/super-cool-event-in-twisted-tangle-by-rollic-games -> 155_Super Cool Event in Twisted Tangle by Rollic Games.md
2025-12-17 13:25:56,767 INFO Saved: https://www.gamigion.com/coin-masters-rolling-offer-in-their-token-thunder-event -> 156_Coin Masters Rolling Offer in their Token Thunder event.md
2025-12-17 13:26:00,137 INFO Saved: https://www.gamigion.com/wp-login.php?redirect_to=https%3A%2F%2Fwww.gamigion.com%2Fad-flow-in-sticker-book-by-lion-studios%2F&action=register -> 153_untitled.md
2025-12-17 13:26:02,191 INFO Saved: https://www.gamigion.com/chum-chum-by-big-fish-games-super-cute-match-3-blast -> 157_Chum Chum by Big Fish Games Super Cute Match-3 Blast.md
2025-12-17 13:26:07,393 INFO Saved: https://www.gamigion.com/happy-halloween-to-all-my-us-readers -> 158_Happy Halloween to all my US readers.md
2025-12-17 13:26:07,534 INFO Saved: https://www.gamigion.com/monetizing-live-ops-events-exploring-key-examples-2 -> 159_Monetizing Live-Ops Events Exploring Key Examples.md
2025-12-17 13:26:09,715 INFO Saved: https://www.gamigion.com/royal-match-dragon-nest-event -> 160_Royal Match Dragon Nest Event.md
2025-12-17 13:26:10,864 INFO Saved: https://www.gamigion.com/take-note-casual-game-developers -> 161_Take note casual game developers.md
2025-12-17 13:26:11,105 INFO Saved: https://www.gamigion.com/interesting-offer-in-tile-busters-buying-new-avatars -> 162_Interesting offer in Tile Busters Buying New Avatars.md
2025-12-17 13:26:11,175 INFO Saved: https://www.gamigion.com/boost-your-team-boost-your-game -> 163_Boost Your Team Boost Your Game.md
2025-12-17 13:26:13,333 INFO Saved: https://www.gamigion.com/fun-mechanic-in-dice-dreams-piggy-wheel -> 164_Fun mechanic in Dice Dreams Piggy Wheel.md
2025-12-17 13:26:17,214 INFO Saved: https://www.gamigion.com/author/kopelovich/page/12 -> 166_Awesome ad for Solitaire Grand Harvest by Playtika.md
2025-12-17 13:26:18,123 INFO Saved: https://www.gamigion.com/pin-out-master-hamster-kombat -> 171_Pin Out Master  Hamster Kombat.md
2025-12-17 13:26:19,936 INFO Saved: https://www.gamigion.com/gossip-harbor-by-microfun -> 165_Gossip Harbor by Microfun.md
2025-12-17 13:26:22,974 INFO Saved: https://www.gamigion.com/wp-login.php?redirect_to=https%3A%2F%2Fwww.gamigion.com%2Funlocking-skip-it-strategies-in-coin-sort-by-lion-studios%2F&action=register -> 167_untitled.md
2025-12-17 13:26:23,827 INFO Saved: https://www.gamigion.com/nostalgia-the-appeal-of-card-albums-in-mobile-games -> 169_Nostalgia The Appeal of Card Albums in Mobile Games.md
2025-12-17 13:26:25,735 INFO Saved: https://www.gamigion.com/awesome-ad-for-solitaire-grand-harvest-by-playtika -> 168_Awesome ad for Solitaire Grand Harvest by Playtika.md
2025-12-17 13:26:27,143 INFO Saved: https://www.gamigion.com/interesting-approach-in-unpuzzle-by-hypercell -> 170_Interesting approach in Unpuzzle by HYPERCELL.md
2025-12-17 13:26:29,374 INFO Saved: https://www.gamigion.com/legend-of-mushrooms-community-building-on-discord -> 173_Legend of Mushrooms Community Building on Discord.md
2025-12-17 13:26:29,532 INFO Saved: https://www.gamigion.com/voodoo-x-hasbro-collab-is-back-in-mob-control -> 176_Voodoo x Hasbro Collab is Back in Mob Control.md
2025-12-17 13:26:31,551 INFO Saved: https://www.gamigion.com/chest-opening-animation-in-royal-match -> 172_Chest Opening Animation in Royal Match.md
2025-12-17 13:26:31,569 INFO Saved: https://www.gamigion.com/unpacking-the-lava-quest-live-ops-event-in-mobile-games -> 177_Unpacking the Lava Quest Live-Ops Event in Mobile Games.md
2025-12-17 13:26:32,963 INFO Saved: https://www.gamigion.com/fish-of-fortune-by-whalo -> 174_Fish of Fortune by Whalo.md
2025-12-17 13:26:35,656 INFO Saved: https://www.gamigion.com/monetizing-live-ops-events-exploring-key-examples -> 175_Monetizing Live-Ops Events Exploring Key Examples.md
2025-12-17 13:26:38,187 INFO Saved: https://www.gamigion.com/author/kopelovich/page/13 -> 180_Power of Partnerships Mobile Gaming Collaborations 6.md
2025-12-17 13:26:38,468 INFO Saved: https://www.gamigion.com/loving-this-offer-design-in-seaside-escape -> 183_Loving This Offer Design in Seaside Escape.md
2025-12-17 13:26:38,823 INFO Saved: https://www.gamigion.com/monopoly-go-x-marvel-collab-launches-this-week -> 179_MONOPOLY GO x Marvel Collab Launches THIS WEEK.md
2025-12-17 13:26:39,380 INFO Saved: https://www.gamigion.com/%f0%9f%8d%ac-sweet-success -> 178_Sweet Success.md
2025-12-17 13:26:39,470 INFO Saved: https://www.gamigion.com/interesting-monetization-strategy-for-event-progression -> 184_Interesting Monetization Strategy for Event Progression.md
2025-12-17 13:26:42,055 INFO Saved: https://www.gamigion.com/wp-login.php?redirect_to=https%3A%2F%2Fwww.gamigion.com%2Fawesome-ad-for-solitaire-grand-harvest-by-playtika%2F&action=register -> 181_untitled.md
2025-12-17 13:26:46,507 INFO Saved: https://www.gamigion.com/monetization-insight-from-toon-blast -> 185_Monetization Insight from Toon Blast.md
2025-12-17 13:26:47,880 INFO Saved: https://www.gamigion.com/power-of-partnerships-mobile-gaming-collaborations-6 -> 182_Power of Partnerships Mobile Gaming Collaborations 6.md
2025-12-17 13:26:50,075 INFO Saved: https://www.gamigion.com/hey-look-a-cool-design-%f0%9f%8e%a8 -> 187_Hey Look A Cool Design.md
2025-12-17 13:26:51,144 INFO Saved: https://www.gamigion.com/cool-invite-reward-system-in-office-cat -> 186_Cool invite reward system in Office Cat.md
2025-12-17 13:26:52,911 INFO Saved: https://www.gamigion.com/boosting-your-fun-in-royal-match -> 188_Boosting Your Fun in Royal Match.md
2025-12-17 13:26:53,190 INFO Saved: https://www.gamigion.com/something-cool-i-found-in-raid-rush -> 189_Something Cool I Found in Raid Rush.md
2025-12-17 13:26:53,233 INFO Saved: https://www.gamigion.com/gun-dungeons-innovative-reward-boost -> 190_Gun  Dungeons Innovative Reward Boost.md
2025-12-17 13:26:55,622 INFO Saved: https://www.gamigion.com/how-race-events-drive-engagement-in-mobile-games -> 191_How Race Events Drive Engagement in Mobile Games.md
2025-12-17 13:26:57,723 INFO Saved: https://www.gamigion.com/author/kopelovich/page/14 -> 194_Holeio Smart Ad Breaks With Rewards.md
2025-12-17 13:26:58,962 INFO Saved: https://www.gamigion.com/hard-levels-animation-from-twisted-tangle -> 198_Hard Levels Animation from Twisted Tangle.md
2025-12-17 13:27:03,035 INFO Saved: https://www.gamigion.com/wp-login.php?redirect_to=https%3A%2F%2Fwww.gamigion.com%2Fpower-of-partnerships-mobile-gaming-collaborations-6%2F&action=register -> 195_untitled.md
2025-12-17 13:27:03,600 INFO Saved: https://www.gamigion.com/adventure-island-merge-mysterious-gift -> 193_Adventure Island Merge Mysterious Gift.md
2025-12-17 13:27:04,781 INFO Saved: https://www.gamigion.com/innovative-scrolling-offers-in-coin-master -> 192_Innovative Scrolling Offers in Coin Master.md
2025-12-17 13:27:08,895 INFO Saved: https://www.gamigion.com/hole-io-smart-ad-breaks-with-rewards -> 196_Holeio Smart Ad Breaks With Rewards.md
2025-12-17 13:27:09,524 INFO Saved: https://www.gamigion.com/top-mobile-game-picks-of-the-week -> 197_Top Mobile Game Picks of the Week.md
2025-12-17 13:27:10,869 INFO Saved: https://www.gamigion.com/trending-live-ops-events-team-up-for-rewards -> 199_Trending Live-Ops Events Team Up for Rewards.md
2025-12-17 13:27:14,416 INFO Saved: https://www.gamigion.com/royal-match-monetization-at-the-point-of-failure -> 204_Royal Match Monetization at the Point of Failure.md
2025-12-17 13:27:15,947 INFO Saved: https://www.gamigion.com/boosting-engagement-with-cumulative-rewards -> 201_Boosting Engagement With Cumulative Rewards.md
2025-12-17 13:27:18,317 INFO Saved: https://www.gamigion.com/trending-live-ops-events-choose-your-reward -> 202_Trending Live-Ops Events Choose Your Reward.md
2025-12-17 13:27:20,220 INFO Saved: https://www.gamigion.com/the-power-of-partnership-the-new-frontier-in-mobile-gaming-collaborations -> 200_The Power of Partnership Mobile Gaming Collaborations.md
2025-12-17 13:27:20,961 INFO Saved: https://www.gamigion.com/effective-phone-connect-funnel-by-coin-master -> 203_Effective Phone Connect Funnel by Coin Master.md
2025-12-17 13:27:21,620 INFO Saved: https://www.gamigion.com/author/kopelovich/page/15 -> 208_Black Friday Deals on Mobile Games.md
2025-12-17 13:27:22,937 INFO Saved: https://www.gamigion.com/cross-promotion-done-right-in-seaside-escape -> 206_Cross-Promotion Done Right in Seaside Escape.md
2025-12-17 13:27:23,849 INFO Saved: https://www.gamigion.com/the-power-of-3-day-offers-in-mobile-games -> 205_The Power of 3-Day Offers in Mobile Games.md
2025-12-17 13:27:26,586 INFO Saved: https://www.gamigion.com/wp-login.php?redirect_to=https%3A%2F%2Fwww.gamigion.com%2Fhole-io-smart-ad-breaks-with-rewards%2F&action=register -> 209_untitled.md
2025-12-17 13:27:27,880 INFO Saved: https://www.gamigion.com/trending-live-ops-events-grid-scavenger-hunt -> 207_Trending Live-Ops Events Grid Scavenger Hunt.md
2025-12-17 13:27:33,346 INFO Saved: https://www.gamigion.com/engaging-players-with-milestone-based-live-ops-events -> 212_Engaging Players with Milestone-Based Live Ops Events.md
2025-12-17 13:27:33,378 INFO Saved: https://www.gamigion.com/wp-login.php?redirect_to=https%3A%2F%2Fwww.gamigion.com%2Fblack-friday-deals-on-mobile-games%2F&action=register -> 214_untitled.md
2025-12-17 13:27:33,878 INFO Saved: https://www.gamigion.com/black-friday-deals-on-mobile-games -> 210_Black Friday Deals on Mobile Games.md
2025-12-17 13:27:35,403 INFO Saved: https://www.gamigion.com/trending-game-mechanics-of-2024-pioneering-innovation-in-mobile-gaming -> 213_Trending Game Mechanics of 2024 Innovation in Mobile Gaming.md
2025-12-17 13:27:35,444 INFO Saved: https://www.gamigion.com/monetization-review-cup-heroes-by-voodoo -> 211_Monetization Review Cup Heroes by Voodoo.md
2025-12-17 13:27:36,448 INFO === SCRAPING SergeiVasiuk ===
2025-12-17 13:27:40,272 INFO Page https://www.gamigion.com/author/sergeivasiuk -> 27 links
2025-12-17 13:27:43,940 INFO Page https://www.gamigion.com/author/sergeivasiuk/page/2/ -> 28 links
2025-12-17 13:27:47,006 INFO Page https://www.gamigion.com/author/sergeivasiuk/page/3/ -> 28 links
2025-12-17 13:27:50,722 INFO Page https://www.gamigion.com/author/sergeivasiuk/page/4/ -> 28 links
2025-12-17 13:27:53,925 INFO Page https://www.gamigion.com/author/sergeivasiuk/page/5/ -> 22 links
2025-12-17 13:27:53,950 INFO SergeiVasiuk: FOUND 77 article links
2025-12-17 13:27:54,602 INFO Unchanged: https://www.gamigion.com/category/analysis
2025-12-17 13:27:54,624 INFO Saved: https://www.gamigion.com/author/sergeivasiuk -> 006_Every Great Game is a FIGHT.md
2025-12-17 13:27:54,779 INFO Unchanged: https://www.gamigion.com/games-radar
2025-12-17 13:27:55,199 INFO Unchanged: https://www.gamigion.com/journal
2025-12-17 13:27:55,298 INFO Unchanged: https://www.gamigion.com/category/game-radar
2025-12-17 13:27:55,358 INFO Unchanged: https://www.gamigion.com/category/highlights
2025-12-17 13:27:55,391 INFO Unchanged: https://www.gamigion.com/category/events
2025-12-17 13:27:55,397 INFO Saved: https://www.gamigion.com/about -> 005_Whos there - Gamigion Mobile Games Industry News.md
2025-12-17 13:27:55,500 INFO Unchanged: https://www.gamigion.com/category/journal
2025-12-17 13:27:55,572 INFO Unchanged: https://www.gamigion.com/events
2025-12-17 13:27:56,817 INFO Unchanged: https://www.gamigion.com/category/reports
2025-12-17 13:27:57,119 INFO Unchanged: https://www.gamigion.com/reports
2025-12-17 13:28:01,505 INFO Saved: https://www.gamigion.com/every-great-game-is-a-fight -> 013_Every Great Game is a FIGHT.md
2025-12-17 13:28:08,642 INFO Saved: https://www.gamigion.com/solo-dev-is-tough-hello-head-of-everything -> 014_Solo Dev is tough hello Head of Everything.md
2025-12-17 13:28:09,425 INFO Saved: https://www.gamigion.com/indian-gaming-industry-surge -> 015_Indian Gaming Industry Surge.md
2025-12-17 13:28:10,790 INFO Saved: https://www.gamigion.com/the-80-to-20-rule-in-game-dev-design -> 019_The 80 to 20 Rule in Game Dev  Design.md
2025-12-17 13:28:10,911 INFO Saved: https://www.gamigion.com/8-things-games-do-better-than-any-art -> 017_8 Things Games Do Better Than Any Art.md
2025-12-17 13:28:11,276 INFO Saved: https://www.gamigion.com/20-metrics-game-devs-must-track -> 018_20 Metrics Game Devs Must Track.md
2025-12-17 13:28:11,324 INFO Saved: https://www.gamigion.com/how-to-get-10-game-ideas-in-under-2-min -> 016_How to get 10 game ideas in under 2 min.md
2025-12-17 13:28:11,910 INFO Saved: https://www.gamigion.com/keep-your-live-ops-game-healthy -> 020_Keep Your Live Ops Game Healthy.md
2025-12-17 13:28:17,219 INFO Saved: https://www.gamigion.com/game-development-isnt-just-about-coding -> 021_Game development isnt just about coding.md
2025-12-17 13:28:18,804 INFO Unchanged: https://www.gamigion.com/wp-login.php?action=lostpassword
2025-12-17 13:28:19,176 INFO Saved: https://www.gamigion.com/author/sergeivasiuk/page/2 -> 025_5 Game Systems to Make Your Game Stick.md
2025-12-17 13:28:21,455 INFO Saved: https://www.gamigion.com/20-metrics-all-game-devs-should-hold-close-2 -> 022_20 metrics all game devs should hold close.md
2025-12-17 13:28:24,328 INFO Saved: https://www.gamigion.com/90-of-games-fail-at-monetization -> 023_90 of Games Fail at Monetization.md
2025-12-17 13:28:25,828 INFO Saved: https://www.gamigion.com/the-gaming-industry-is-not-what-you-think -> 024_The gaming industry is NOT what you think.md
2025-12-17 13:28:26,240 INFO Saved: https://www.gamigion.com/wp-login.php?redirect_to=https%3A%2F%2Fwww.gamigion.com%2Fevery-great-game-is-a-fight%2F&action=register -> 026_untitled.md
2025-12-17 13:28:27,908 INFO Saved: https://www.gamigion.com/5-game-systems-to-make-your-game-stick -> 028_5 Game Systems to Make Your Game Stick.md
2025-12-17 13:28:29,988 INFO Saved: https://www.gamigion.com/9-traps-that-kill-your-game -> 029_9 Traps That Kill Your Game.md
2025-12-17 13:28:34,425 INFO Saved: https://www.gamigion.com/how-games-manipulate-emotions -> 030_How Games Manipulate Emotions.md
2025-12-17 13:28:35,111 INFO Saved: https://www.gamigion.com/gaming-factory-professions -> 031_Gaming Factory Professions.md
2025-12-17 13:28:39,907 INFO Saved: https://www.gamigion.com/how-to-design-your-player-journey-map -> 033_How to design your player journey map.md
2025-12-17 13:28:40,762 INFO Saved: https://www.gamigion.com/musk-gaming -> 032_Musk  Gaming.md
2025-12-17 13:28:41,311 INFO Saved: https://www.gamigion.com/mistakes-new-game-devs-make -> 034_Mistakes New Game Devs Make.md
2025-12-17 13:28:43,543 INFO Saved: https://www.gamigion.com/are-you-interested-in-game-development -> 035_Are you interested in Game Development.md
2025-12-17 13:28:44,232 INFO Saved: https://www.gamigion.com/craft-your-own-masters-degree-in-game-publishing -> 036_Craft your own Masters Degree in Game Publishing.md
2025-12-17 13:28:46,410 INFO Saved: https://www.gamigion.com/author/sergeivasiuk/page/3 -> 040_Boosting Retention in Your Game.md
2025-12-17 13:28:48,326 WARNING Request error HTTPSConnectionPool(host='www.gamigion.com', port=443): Read timed out. (read timeout=12) (attempt 1) for https://www.gamigion.com/control-your-career-game
2025-12-17 13:28:50,294 INFO Saved: https://www.gamigion.com/great-games-know-this-key-to-players-needs-2 -> 038_Great games know this key to players needs.md
2025-12-17 13:28:50,295 INFO Saved: https://www.gamigion.com/whats-the-supreme-boss-level-in-game-dev -> 039_Whats the supreme boss level in Game Dev.md
2025-12-17 13:28:51,905 INFO Saved: https://www.gamigion.com/wp-login.php?redirect_to=https%3A%2F%2Fwww.gamigion.com%2F5-game-systems-to-make-your-game-stick%2F&action=register -> 041_untitled.md
2025-12-17 13:28:58,112 INFO Saved: https://www.gamigion.com/boosting-retention-in-your-game -> 042_Boosting Retention in Your Game.md
2025-12-17 13:28:58,619 INFO Saved: https://www.gamigion.com/control-your-career-game -> 037_Control Your Career Game.md
2025-12-17 13:29:02,374 INFO Saved: https://www.gamigion.com/whats-the-biggest-delusion-in-game-dev -> 043_Whats the biggest delusion in Game Dev.md
2025-12-17 13:29:02,890 INFO Saved: https://www.gamigion.com/linkedin-expands-its-puzzle-lineup-w-tango -> 044_LinkedIn expands its puzzle lineup w Tango.md
2025-12-17 13:29:04,158 WARNING Request error HTTPSConnectionPool(host='www.gamigion.com', port=443): Read timed out. (read timeout=12) (attempt 1) for https://www.gamigion.com/10-advice-to-ruin-your-game
2025-12-17 13:29:05,641 INFO Saved: https://www.gamigion.com/think-the-gaming-industry-is-just-for-nerds -> 048_Think the gaming industry is just for nerds.md
2025-12-17 13:29:06,676 INFO Saved: https://www.gamigion.com/want-to-start-your-career-in-game-dev -> 047_Want to start your career in Game Dev.md
2025-12-17 13:29:09,873 WARNING Request error HTTPSConnectionPool(host='www.gamigion.com', port=443): Read timed out. (read timeout=12) (attempt 1) for https://www.gamigion.com/what-to-keep-your-game-fresh
2025-12-17 13:29:10,390 INFO Saved: https://www.gamigion.com/im-44-and-i-joined-it-in-my-3rd-year-at-university -> 049_Im 44 and I joined IT in my 3rd year at university.md
2025-12-17 13:29:11,326 INFO Saved: https://www.gamigion.com/author/sergeivasiuk/page/4 -> 054_What does the Gaming Industry need most right now.md
2025-12-17 13:29:13,521 INFO Saved: https://www.gamigion.com/new-game-dev-reality-check -> 051_New Game Dev Reality Check.md
2025-12-17 13:29:13,800 INFO Saved: https://www.gamigion.com/know-the-70-20-10-rule -> 050_Know the 702010 rule.md
2025-12-17 13:29:15,071 INFO Saved: https://www.gamigion.com/which-ad-format-fits-gaming -> 052_Which Ad Format Fits Gaming.md
2025-12-17 13:29:18,421 INFO Saved: https://www.gamigion.com/starting-your-journey-as-a-game-developer -> 053_Starting your journey as a Game Developer.md
2025-12-17 13:29:19,199 INFO Saved: https://www.gamigion.com/what-to-keep-your-game-fresh -> 046_How to keep your game fresh.md
2025-12-17 13:29:19,389 INFO Saved: https://www.gamigion.com/10-ways-players-spot-bad-games -> 057_10 Ways Players Spot Bad Games.md
2025-12-17 13:29:19,730 INFO Saved: https://www.gamigion.com/10-advice-to-ruin-your-game -> 045_10 Advice to Ruin Your Game.md
2025-12-17 13:29:20,321 INFO Saved: https://www.gamigion.com/wp-login.php?redirect_to=https%3A%2F%2Fwww.gamigion.com%2Fboosting-retention-in-your-game%2F&action=register -> 055_untitled.md
2025-12-17 13:29:26,296 INFO Saved: https://www.gamigion.com/how-is-the-gaming-entertainment-curve -> 058_How is The Gaming Entertainment Curve.md
2025-12-17 13:29:27,573 INFO Saved: https://www.gamigion.com/what-does-the-gaming-industry-need-most-right-now -> 056_What does the Gaming Industry need most right now.md
2025-12-17 13:29:29,237 INFO Saved: https://www.gamigion.com/50-of-baby-boomers-are-playing-games -> 059_50 of Baby Boomers Are Playing Games.md
2025-12-17 13:29:31,565 INFO Saved: https://www.gamigion.com/sorry-gamers-but-i-have-to-say-this -> 060_Sorry gamers but I have to say this.md
2025-12-17 13:29:32,693 INFO Saved: https://www.gamigion.com/20-metrics-all-game-devs-should-hold-close -> 062_20 Metrics All Game Devs Should Hold Close.md
2025-12-17 13:29:33,310 INFO Saved: https://www.gamigion.com/how-to-explain-the-80-20-rule-so-even-a-kid-can-understand -> 065_How to explain the 8020 rule so even a kid can understand.md
2025-12-17 13:29:34,090 INFO Saved: https://www.gamigion.com/want-to-keep-your-players-engaged -> 061_Want to keep your players engaged.md
2025-12-17 13:29:34,602 INFO Saved: https://www.gamigion.com/what-connects-game-and-states-economies -> 064_What connects Game and States Economies.md
2025-12-17 13:29:35,258 INFO Saved: https://www.gamigion.com/you-can-make-millions-at-a-price-point-of-0 -> 063_You can make Millions at a price point of 0.md
2025-12-17 13:29:37,421 INFO Saved: https://www.gamigion.com/author/sergeivasiuk/page/5 -> 068_10 Signs Of a Decent Game.md
2025-12-17 13:29:40,814 INFO Saved: https://www.gamigion.com/things-no-one-tells-you-about-being-a-leader -> 066_Things no one tells you about being a leader.md
2025-12-17 13:29:41,976 INFO Saved: https://www.gamigion.com/game-development-tools-landscape -> 072_Game Development Tools Landscape.md
2025-12-17 13:29:41,982 INFO Saved: https://www.gamigion.com/how-to-boost-player-engagement -> 067_How To Boost Player Engagement.md
2025-12-17 13:29:44,506 INFO Saved: https://www.gamigion.com/wp-login.php?redirect_to=https%3A%2F%2Fwww.gamigion.com%2Fwhat-does-the-gaming-industry-need-most-right-now%2F&action=register -> 069_untitled.md
2025-12-17 13:29:44,872 INFO Saved: https://www.gamigion.com/10-signs-of-a-decent-game -> 070_10 Signs Of a Decent Game.md
2025-12-17 13:29:46,717 INFO Saved: https://www.gamigion.com/entertain-your-players-with-events -> 071_ENTERTAIN YOUR PLAYERS WITH EVENTS.md
2025-12-17 13:29:47,047 INFO Saved: https://www.gamigion.com/many-screw-up-live-service-games -> 073_Many screw up live service games.md
2025-12-17 13:29:48,121 INFO Saved: https://www.gamigion.com/want-to-keep-your-live-service-game-healthy -> 074_Want to keep your live service game healthy.md
2025-12-17 13:29:49,289 INFO Saved: https://www.gamigion.com/wp-login.php?redirect_to=https%3A%2F%2Fwww.gamigion.com%2F10-signs-of-a-decent-game%2F&action=register -> 077_untitled.md
2025-12-17 13:29:49,615 INFO Saved: https://www.gamigion.com/the-new-york-times-emerges-as-a-game-company -> 076_The New York Times emerges as a game company.md
2025-12-17 13:29:50,218 INFO Saved: https://www.gamigion.com/great-games-know-this-key-to-players-needs -> 075_Great games know this key to players needs.md
2025-12-17 13:29:51,222 INFO === SCRAPING OxanaFomina ===
2025-12-17 13:29:53,513 INFO Page https://www.gamigion.com/author/oxanafomina -> 27 links
2025-12-17 13:29:56,360 INFO Page https://www.gamigion.com/author/oxanafomina/page/2/ -> 28 links
2025-12-17 13:30:00,346 INFO Page https://www.gamigion.com/author/oxanafomina/page/3/ -> 22 links
2025-12-17 13:30:00,363 INFO OxanaFomina: FOUND 49 article links
2025-12-17 13:30:01,018 INFO Unchanged: https://www.gamigion.com/category/analysis
2025-12-17 13:30:01,308 INFO Unchanged: https://www.gamigion.com/journal
2025-12-17 13:30:01,374 INFO Unchanged: https://www.gamigion.com/reports
2025-12-17 13:30:01,554 INFO Unchanged: https://www.gamigion.com/category/game-radar
2025-12-17 13:30:01,570 INFO Unchanged: https://www.gamigion.com/events
2025-12-17 13:30:01,581 INFO Unchanged: https://www.gamigion.com/category/events
2025-12-17 13:30:01,689 INFO Unchanged: https://www.gamigion.com/games-radar
2025-12-17 13:30:01,747 INFO Saved: https://www.gamigion.com/about -> 005_Whos there - Gamigion Mobile Games Industry News.md
2025-12-17 13:30:01,750 INFO Saved: https://www.gamigion.com/author/oxanafomina -> 006_Pay to Play Games Hexa Sort.md
2025-12-17 13:30:02,451 INFO Unchanged: https://www.gamigion.com/category/highlights
2025-12-17 13:30:02,558 INFO Unchanged: https://www.gamigion.com/category/reports
2025-12-17 13:30:02,573 INFO Unchanged: https://www.gamigion.com/category/journal
2025-12-17 13:30:11,676 INFO Saved: https://www.gamigion.com/smart-monetization-approach-for-hard-levels-in-match-3-games -> 020_Smart Monetization Approach for Hard Levels in Match-3 Games.md
2025-12-17 13:30:11,944 INFO Saved: https://www.gamigion.com/the-event-strategy-that-got-players-hooked-and-paid-off -> 017_The Event Strategy That Got Players Hooked and Paid Off.md
2025-12-17 13:30:12,498 INFO Saved: https://www.gamigion.com/royal-match-how-new-event-design-increased-revenue-by-14-6 -> 015_Royal Match How New Event Design Increased Revenue by 146.md
2025-12-17 13:30:12,844 INFO Saved: https://www.gamigion.com/extraordinary-results-from-monopoly-gos-tycoon-racers-event -> 019_Extraordinary results from Monopoly Gos Tycoon Racers event.md
2025-12-17 13:30:16,834 INFO Saved: https://www.gamigion.com/slots-solitaire-bingo-what-unites-successful-events -> 014_Slots Solitaire  Bingo What Unites Successful Events.md
2025-12-17 13:30:17,649 INFO Saved: https://www.gamigion.com/pay-to-play-games-hexa-sort -> 013_Pay to Play Games Hexa Sort.md
2025-12-17 13:30:18,361 INFO Saved: https://www.gamigion.com/game-deconstruction-magic-sort-by-grand-games -> 016_Game Deconstruction Magic Sort by Grand Games.md
2025-12-17 13:30:19,270 INFO Saved: https://www.gamigion.com/fishdom-by-playrix-fantastic-results -> 018_Fishdom by Playrix Fantastic Results.md
2025-12-17 13:30:20,187 INFO Saved: https://www.gamigion.com/successful-growth-strategy-behind-dice-dreams -> 022_Successful Growth Strategy Behind Dice Dreams.md
2025-12-17 13:30:24,691 INFO Saved: https://www.gamigion.com/candy-crush-sagas-unique-challenge-for-more-lives -> 024_Candy Crush Sagas Unique Challenge For More Lives.md
2025-12-17 13:30:24,963 INFO Saved: https://www.gamigion.com/author/oxanafomina/page/2 -> 025_What Do You Like Most About Your Job.md
2025-12-17 13:30:27,668 INFO Unchanged: https://www.gamigion.com/wp-login.php?action=lostpassword
2025-12-17 13:30:28,703 INFO Saved: https://www.gamigion.com/web-stores-impact-trends -> 021_Web Stores Impact  Trends.md
2025-12-17 13:39:35,406 WARNING Request error HTTPSConnectionPool(host='www.gamigion.com', port=443): Read timed out. (read timeout=12) (attempt 1) for https://www.gamigion.com/increased-holiday-events-and-sales-in-games
2025-12-17 13:39:35,420 WARNING Request error HTTPSConnectionPool(host='www.gamigion.com', port=443): Read timed out. (read timeout=12) (attempt 1) for https://www.gamigion.com/increase-player-retention-through-in-app-purchases
2025-12-17 13:39:35,422 WARNING Request error HTTPSConnectionPool(host='www.gamigion.com', port=443): Read timed out. (read timeout=12) (attempt 1) for https://www.gamigion.com/what-do-you-like-most-about-your-job
2025-12-17 13:39:35,470 WARNING Request error HTTPSConnectionPool(host='www.gamigion.com', port=443): Read timed out. (read timeout=12) (attempt 1) for https://www.gamigion.com/innovative-daily-bonus-strategies-on-retention-and-monetization
2025-12-17 13:39:35,472 INFO Saved: https://www.gamigion.com/multiple-paid-pass-boost-player-choice-rewards-playtimes-and-revenue -> 023_Multiple Paid Pass Boost Player Choice Rewards Playtimes And Revenue.md
2025-12-17 13:39:35,537 INFO Saved: https://www.gamigion.com/wp-login.php?redirect_to=https%3A%2F%2Fwww.gamigion.com%2Fpay-to-play-games-hexa-sort%2F&action=register -> 026_untitled.md
2025-12-17 13:39:35,742 WARNING Request error ('Connection aborted.', RemoteDisconnected('Remote end closed connection without response')) (attempt 1) for https://www.gamigion.com/win-streak-offer-in-candy-crush-saga-by-king
2025-12-17 13:39:35,742 WARNING Request error ('Connection aborted.', RemoteDisconnected('Remote end closed connection without response')) (attempt 1) for https://www.gamigion.com/how-monopoly-go-leverages-coin-masters-live-ops-strategies
2025-12-17 13:39:36,709 WARNING Request error ('Connection aborted.', RemoteDisconnected('Remote end closed connection without response')) (attempt 2) for https://www.gamigion.com/what-do-you-like-most-about-your-job
2025-12-17 13:39:37,519 WARNING Request error ('Connection aborted.', RemoteDisconnected('Remote end closed connection without response')) (attempt 2) for https://www.gamigion.com/how-monopoly-go-leverages-coin-masters-live-ops-strategies
2025-12-17 13:39:39,533 INFO Saved: https://www.gamigion.com/what-do-you-like-most-about-your-job -> 028_What Do You Like Most About Your Job.md
2025-12-17 13:39:41,853 INFO Saved: https://www.gamigion.com/all-players-are-paying-with-different-payment-methods -> 029_All Players Are Paying With Different Payment Methods.md
2025-12-17 13:39:42,694 INFO Saved: https://www.gamigion.com/increased-holiday-events-and-sales-in-games -> 033_Increased Holiday Events And Sales In Games.md
2025-12-17 13:39:42,827 INFO Saved: https://www.gamigion.com/personalized-gaming-offers-through-phone-numbers -> 030_Personalized Gaming Offers Through Phone Numbers.md
2025-12-17 13:39:46,265 INFO Saved: https://www.gamigion.com/innovative-daily-bonus-strategies-on-retention-and-monetization -> 031_Innovative Daily Bonus Strategies On Retention and Monetization.md
2025-12-17 13:39:46,583 INFO Saved: https://www.gamigion.com/how-monopoly-go-leverages-coin-masters-live-ops-strategies -> 035_How Monopoly GO Leverages Coin Masters Live Ops Strategies.md
2025-12-17 13:39:46,788 INFO Saved: https://www.gamigion.com/unlocking-success-in-monopoly-go-first-purchases -> 036_Unlocking Success In Monopoly GO First Purchases.md
2025-12-17 13:39:48,681 WARNING Request error HTTPSConnectionPool(host='www.gamigion.com', port=443): Read timed out. (read timeout=12) (attempt 2) for https://www.gamigion.com/increase-player-retention-through-in-app-purchases
2025-12-17 13:39:52,385 INFO Saved: https://www.gamigion.com/win-streak-offer-in-candy-crush-saga-by-king -> 034_Win Streak Offer In Candy Crush Saga By King.md
2025-12-17 13:39:53,226 INFO Saved: https://www.gamigion.com/author/oxanafomina/page/3 -> 040_Increase Revenue and Conversions with Non-Standard Offers.md
2025-12-17 13:39:57,130 INFO Saved: https://www.gamigion.com/boosting-monetization-season-pass-in-candy-crush-soda-saga -> 037_Boosting Monetization Season Pass In Candy Crush Soda Saga.md
2025-12-17 13:39:59,636 INFO Saved: https://www.gamigion.com/mobile-game-web-shops-analysis -> 038_Mobile Game Web Shops Analysis.md
2025-12-17 13:40:01,353 INFO Saved: https://www.gamigion.com/wp-login.php?redirect_to=https%3A%2F%2Fwww.gamigion.com%2Fwhat-do-you-like-most-about-your-job%2F&action=register -> 041_untitled.md
2025-12-17 13:40:01,983 INFO Saved: https://www.gamigion.com/boosting-virality-with-irresistible-free-subscriptions -> 039_Boosting Virality with Irresistible Free Subscriptions.md
2025-12-17 13:40:02,075 INFO Saved: https://www.gamigion.com/increase-player-retention-through-in-app-purchases -> 032_Increase Player Retention Through In-App Purchases.md
2025-12-17 13:40:08,039 INFO Saved: https://www.gamigion.com/increase-revenue-and-conversions-with-non-standard-offers -> 042_Increase Revenue and Conversions with Non-Standard Offers.md
2025-12-17 13:40:09,292 INFO Saved: https://www.gamigion.com/strategy-to-convert-non-paying-users-into-paying-customers -> 043_Strategy To Convert Non-Paying Users Into Paying Customers.md
2025-12-17 13:40:13,355 WARNING Request error HTTPSConnectionPool(host='www.gamigion.com', port=443): Read timed out. (read timeout=12) (attempt 1) for https://www.gamigion.com/boosting-game-virality-with-innovative-prize-draws
2025-12-17 13:40:13,991 WARNING Request error HTTPSConnectionPool(host='www.gamigion.com', port=443): Read timed out. (read timeout=12) (attempt 1) for https://www.gamigion.com/enhancing-game-metrics-seasonal-pass-and-super-boosters
2025-12-17 13:40:14,091 WARNING Request error HTTPSConnectionPool(host='www.gamigion.com', port=443): Read timed out. (read timeout=12) (attempt 1) for https://www.gamigion.com/wp-login.php?redirect_to=https%3A%2F%2Fwww.gamigion.com%2Fincrease-revenue-and-conversions-with-non-standard-offers%2F&action=register
2025-12-17 13:40:15,440 WARNING Request error HTTPSConnectionPool(host='www.gamigion.com', port=443): Read timed out. (read timeout=12) (attempt 1) for https://www.gamigion.com/interesting-example-of-survivorship-bias-in-live-ops
2025-12-17 13:40:18,541 INFO Saved: https://www.gamigion.com/toon-blast-live-ops-piggy-bank-for-free -> 045_Toon Blast Live Ops Piggy Bank for FREE.md
2025-12-17 13:40:20,143 INFO Saved: https://www.gamigion.com/increase-player-engagement-retention-and-monetization -> 046_Increase Player Engagement Retention And Monetization.md
2025-12-17 13:40:27,788 WARNING Request error HTTPSConnectionPool(host='www.gamigion.com', port=443): Read timed out. (read timeout=12) (attempt 2) for https://www.gamigion.com/enhancing-game-metrics-seasonal-pass-and-super-boosters
2025-12-17 13:40:28,964 WARNING Request error HTTPSConnectionPool(host='www.gamigion.com', port=443): Read timed out. (read timeout=12) (attempt 2) for https://www.gamigion.com/boosting-game-virality-with-innovative-prize-draws
2025-12-17 13:40:29,289 WARNING Request error HTTPSConnectionPool(host='www.gamigion.com', port=443): Read timed out. (read timeout=12) (attempt 2) for https://www.gamigion.com/wp-login.php?redirect_to=https%3A%2F%2Fwww.gamigion.com%2Fincrease-revenue-and-conversions-with-non-standard-offers%2F&action=register
2025-12-17 13:40:29,289 WARNING Request error HTTPSConnectionPool(host='www.gamigion.com', port=443): Read timed out. (read timeout=12) (attempt 2) for https://www.gamigion.com/interesting-example-of-survivorship-bias-in-live-ops
2025-12-17 13:40:42,424 WARNING Request error HTTPSConnectionPool(host='www.gamigion.com', port=443): Read timed out. (read timeout=12) (attempt 3) for https://www.gamigion.com/enhancing-game-metrics-seasonal-pass-and-super-boosters
2025-12-17 13:40:42,957 WARNING Request error HTTPSConnectionPool(host='www.gamigion.com', port=443): Read timed out. (read timeout=12) (attempt 3) for https://www.gamigion.com/boosting-game-virality-with-innovative-prize-draws
2025-12-17 13:40:44,836 INFO Saved: https://www.gamigion.com/interesting-example-of-survivorship-bias-in-live-ops -> 044_Interesting Example Of Survivorship Bias In Live Ops.md
2025-12-17 13:40:44,987 ERROR Giving up on https://www.gamigion.com/enhancing-game-metrics-seasonal-pass-and-super-boosters after 3 attempts
2025-12-17 13:40:44,987 INFO No html for https://www.gamigion.com/enhancing-game-metrics-seasonal-pass-and-super-boosters
2025-12-17 13:40:44,988 INFO Skipped/failed: https://www.gamigion.com/enhancing-game-metrics-seasonal-pass-and-super-boosters
2025-12-17 13:40:45,518 ERROR Giving up on https://www.gamigion.com/boosting-game-virality-with-innovative-prize-draws after 3 attempts
2025-12-17 13:40:45,518 INFO No html for https://www.gamigion.com/boosting-game-virality-with-innovative-prize-draws
2025-12-17 13:40:45,518 INFO Skipped/failed: https://www.gamigion.com/boosting-game-virality-with-innovative-prize-draws
2025-12-17 13:40:46,044 INFO Saved: https://www.gamigion.com/wp-login.php?redirect_to=https%3A%2F%2Fwww.gamigion.com%2Fincrease-revenue-and-conversions-with-non-standard-offers%2F&action=register -> 049_untitled.md
2025-12-17 13:40:47,048 INFO DONE: saved counts: {'FelixBraberg_Substack': 12, 'FelixBraberg_Blog': 11, 'MichaelKopelovich': 214, 'SergeiVasiuk': 77, 'OxanaFomina': 47}
